name,category,price,image_url
Amstel 473ml,Cervezas,$2000.00,https://upfnswxvjbbhffsildji.supabase.co/storage/v1/object/public/toma-images/cervezas/amstel-473ml
Andes Negra 473ml,Cervezas,$2200.00,https://upfnswxvjbbhffsildji.supabase.co/storage/v1/object/public/toma-images/cervezas/andes-negra-473ml
Andes Rubia 473ml,Cervezas,$2600.00,https://upfnswxvjbbhffsildji.supabase.co/storage/v1/object/public/toma-images/cervezas/andes-rubia-473ml
Barril Heineken 5L,Cervezas,$85000.00,https://upfnswxvjbbhffsildji.supabase.co/storage/v1/object/public/toma-images/cervezas/barril-heineken-5l
Brahma 473ml,Cervezas,$2500.00,https://upfnswxvjbbhffsildji.supabase.co/storage/v1/object/public/toma-images/cervezas/brahma-473ml
Brahma 710ml,Cervezas,$3500.00,https://upfnswxvjbbhffsildji.supabase.co/storage/v1/object/public/toma-images/cervezas/brahma-710ml
Budweiser 473ml,Cervezas,$2200.00,https://upfnswxvjbbhffsildji.supabase.co/storage/v1/object/public/toma-images/cervezas/budweiser-473ml
Cordoba 473ml,Cervezas,$1400.00,https://upfnswxvjbbhffsildji.supabase.co/storage/v1/object/public/toma-images/cervezas/cordoba-473ml
Corona 330ml,Cervezas,$3500.00,https://upfnswxvjbbhffsildji.supabase.co/storage/v1/object/public/toma-images/cervezas/corona-330ml
Corona 330ml 0.0,Cervezas,$2800.00,https://upfnswxvjbbhffsildji.supabase.co/storage/v1/object/public/toma-images/cervezas/corona-330ml-00
Corona 710ml,Cervezas,$5200.00,https://upfnswxvjbbhffsildji.supabase.co/storage/v1/object/public/toma-images/cervezas/corona-710ml
Heineken 473ml,Cervezas,$3500.00,https://upfnswxvjbbhffsildji.supabase.co/storage/v1/object/public/toma-images/cervezas/heineken-473ml
Heineken 710ml,Cervezas,$5000.00,https://upfnswxvjbbhffsildji.supabase.co/storage/v1/object/public/toma-images/cervezas/heineken-710ml
Heineken 330ml,Cervezas,$3200.00,https://upfnswxvjbbhffsildji.supabase.co/storage/v1/object/public/toma-images/cervezas/heineken-330ml
Imperial Golden 473ml,Cervezas,$2500.00,https://upfnswxvjbbhffsildji.supabase.co/storage/v1/object/public/toma-images/cervezas/imperial-golden-473ml
Imperial Ipa 473ml,Cervezas,$2200.00,https://upfnswxvjbbhffsildji.supabase.co/storage/v1/object/public/toma-images/cervezas/imperial-ipa-473ml
Ortuzar Golden,Cervezas,$2800.00,https://upfnswxvjbbhffsildji.supabase.co/storage/v1/object/public/toma-images/cervezas/ortuzar-golden
Ortuzar Honey,Cervezas,$2800.00,https://upfnswxvjbbhffsildji.supabase.co/storage/v1/object/public/toma-images/cervezas/ortuzar-honey
Ortuzar Ipa,Cervezas,$2800.00,https://upfnswxvjbbhffsildji.supabase.co/storage/v1/object/public/toma-images/cervezas/ortuzar-ipa
Ortuzar Lager,Cervezas,$2000.02,https://upfnswxvjbbhffsildji.supabase.co/storage/v1/object/public/toma-images/cervezas/ortuzar-lager
Ortuzar Negra,Cervezas,$2800.00,https://upfnswxvjbbhffsildji.supabase.co/storage/v1/object/public/toma-images/cervezas/ortuzar-negra
Ortuzar Scottish,Cervezas,$2800.00,https://upfnswxvjbbhffsildji.supabase.co/storage/v1/object/public/toma-images/cervezas/ortuzar-scottish
Patagonia 24.7 710ml,Cervezas,$5800.00,https://upfnswxvjbbhffsildji.supabase.co/storage/v1/object/public/toma-images/cervezas/patagonia-247-710ml
Patagonia Amber Lager 730ml,Cervezas,$5800.00,https://upfnswxvjbbhffsildji.supabase.co/storage/v1/object/public/toma-images/cervezas/patagonia-amber-lager-730ml
Patagonia Lager Del Sur 730ml,Cervezas,$5800.00,https://upfnswxvjbbhffsildji.supabase.co/storage/v1/object/public/toma-images/cervezas/patagonia-lager-del-sur-730ml
Patagonia Vera Ipa 730ml,Cervezas,$5800.00,https://upfnswxvjbbhffsildji.supabase.co/storage/v1/object/public/toma-images/cervezas/patagonia-vera-ipa-730ml
Quilmes 1890 1L,Cervezas,$3300.00,https://upfnswxvjbbhffsildji.supabase.co/storage/v1/object/public/toma-images/cervezas/quilmes-1890-1l
Quilmes 1890 473ml,Cervezas,$1800.00,https://upfnswxvjbbhffsildji.supabase.co/storage/v1/object/public/toma-images/cervezas/quilmes-1890-473ml
Quilmes 710ml,Cervezas,$3000.00,https://upfnswxvjbbhffsildji.supabase.co/storage/v1/object/public/toma-images/cervezas/quilmes-710ml
Schneider 710ml,Cervezas,$2800.00,https://upfnswxvjbbhffsildji.supabase.co/storage/v1/object/public/toma-images/cervezas/schneider-710ml
Stella Artois 473ml,Cervezas,$3200.00,https://upfnswxvjbbhffsildji.supabase.co/storage/v1/object/public/toma-images/cervezas/stella-artois-473ml
Stella Artois 330ml,Cervezas,$3000.00,https://upfnswxvjbbhffsildji.supabase.co/storage/v1/object/public/toma-images/cervezas/stella-artois-330ml
Stella Artois Noire 473ml,Cervezas,$3000.00,https://upfnswxvjbbhffsildji.supabase.co/storage/v1/object/public/toma-images/cervezas/stella-artois-noire-473ml
Stella Artois Sin Alcohol 330ml,Cervezas,$2500.00,https://upfnswxvjbbhffsildji.supabase.co/storage/v1/object/public/toma-images/cervezas/stella-artois-sin-alcohol-330ml
Andes Ipa 473ml,Cervezas,$2600.00,https://upfnswxvjbbhffsildji.supabase.co/storage/v1/object/public/toma-images/cervezas/andes-ipa-473ml
Andes Roja 473ml,Cervezas,$2600.00,https://upfnswxvjbbhffsildji.supabase.co/storage/v1/object/public/toma-images/cervezas/andes-roja-473ml
Stella Artois 710ml,Cervezas,$4200.00,https://upfnswxvjbbhffsildji.supabase.co/storage/v1/object/public/toma-images/cervezas/stella-artois-710ml
Alambrado Cabernet Franc 750ml,Vinos Tintos,$6900.00,https://upfnswxvjbbhffsildji.supabase.co/storage/v1/object/public/toma-images/vinos-tintos/alambrado-cabernet-franc-750ml
Alambrado Malbec 750ml,Vinos Tintos,$6900.00,https://upfnswxvjbbhffsildji.supabase.co/storage/v1/object/public/toma-images/vinos-tintos/alambrado-malbec-750ml
Alamos Malbec 750ml,Vinos Tintos,$7499.94,https://upfnswxvjbbhffsildji.supabase.co/storage/v1/object/public/toma-images/vinos-tintos/alamos-malbec-750ml
Alma Mora Malbec 750ml,Vinos Tintos,$6000.00,https://upfnswxvjbbhffsildji.supabase.co/storage/v1/object/public/toma-images/vinos-tintos/alma-mora-malbec-750ml
Antuan Malbec 750ml,Vinos Tintos,$6899.85,https://upfnswxvjbbhffsildji.supabase.co/storage/v1/object/public/toma-images/vinos-tintos/antuan-malbec-750ml
Azul Cabernet Sauvignon 750ml,Vinos Tintos,$9800.00,https://upfnswxvjbbhffsildji.supabase.co/storage/v1/object/public/toma-images/vinos-tintos/azul-cabernet-sauvignon-750ml
Azul El Buscapleitos Ed Limitada 750ml,Vinos Tintos,$16800.00,https://upfnswxvjbbhffsildji.supabase.co/storage/v1/object/public/toma-images/vinos-tintos/azul-el-buscapleitos-ed-limitada-750ml
Azul Malbec 750ml,Vinos Tintos,$9100.00,https://upfnswxvjbbhffsildji.supabase.co/storage/v1/object/public/toma-images/vinos-tintos/azul-malbec-750ml
Azul Reserva Blend 750ml,Vinos Tintos,$16800.00,https://upfnswxvjbbhffsildji.supabase.co/storage/v1/object/public/toma-images/vinos-tintos/azul-reserva-blend-750ml
B J Xeneizes 750ml,Vinos Tintos,$8800.00,https://upfnswxvjbbhffsildji.supabase.co/storage/v1/object/public/toma-images/vinos-tintos/b-j-xeneizes-750ml
Bag In Box Malbec X3lt,Vinos Tintos,$26800.00,https://upfnswxvjbbhffsildji.supabase.co/storage/v1/object/public/toma-images/vinos-tintos/bag-in-box-malbec-x3lt
Azul El Buscapleitos Cabernet Franc,Vinos Tintos,$16800.00,https://upfnswxvjbbhffsildji.supabase.co/storage/v1/object/public/toma-images/vinos-tintos/azul-el-buscapleitos-cabernet-franc
Callia Malbec 750ml,Vinos Tintos,$4300.00,https://upfnswxvjbbhffsildji.supabase.co/storage/v1/object/public/toma-images/vinos-tintos/callia-malbec-750ml
Callia Tinto Tardio Dulce 750ml,Vinos Tintos,$4000.00,https://upfnswxvjbbhffsildji.supabase.co/storage/v1/object/public/toma-images/vinos-tintos/callia-tinto-tardio-dulce-750ml
Casillero Del Diablo Malbec 750ml,Vinos Tintos,$5800.00,https://upfnswxvjbbhffsildji.supabase.co/storage/v1/object/public/toma-images/vinos-tintos/casillero-del-diablo-malbec-750ml
Clandestino Malbec 750ml,Vinos Tintos,$12200.00,https://upfnswxvjbbhffsildji.supabase.co/storage/v1/object/public/toma-images/vinos-tintos/clandestino-malbec-750ml
Clandestino Malbec Reserva 750ml,Vinos Tintos,$14500.00,https://upfnswxvjbbhffsildji.supabase.co/storage/v1/object/public/toma-images/vinos-tintos/clandestino-malbec-reserva-750ml
Cordero Con Piel De Lobo Cabernet 750ml,Vinos Tintos,$6200.00,https://upfnswxvjbbhffsildji.supabase.co/storage/v1/object/public/toma-images/vinos-tintos/cordero-con-piel-de-lobo-cabernet-750ml
Cordero Con Piel De Lobo Malbec 750ml,Vinos Tintos,$6200.00,https://upfnswxvjbbhffsildji.supabase.co/storage/v1/object/public/toma-images/vinos-tintos/cordero-con-piel-de-lobo-malbec-750ml
Don Nadie Malbec 750ml,Vinos Tintos,$8200.00,https://upfnswxvjbbhffsildji.supabase.co/storage/v1/object/public/toma-images/vinos-tintos/don-nadie-malbec-750ml
Dv Catena Cabernet - Malbec 750,Vinos Tintos,$15800.00,https://upfnswxvjbbhffsildji.supabase.co/storage/v1/object/public/toma-images/vinos-tintos/dv-catena-cabernet-malbec-750
Etico Malbec 750ml,Vinos Tintos,$6500.00,https://upfnswxvjbbhffsildji.supabase.co/storage/v1/object/public/toma-images/vinos-tintos/etico-malbec-750ml
Fabre M. Assemblage 750ml,Vinos Tintos,$10400.00,https://upfnswxvjbbhffsildji.supabase.co/storage/v1/object/public/toma-images/vinos-tintos/fabre-m-assemblage-750ml
Fabre M. Classic Malbec 750ml,Vinos Tintos,$8700.00,https://upfnswxvjbbhffsildji.supabase.co/storage/v1/object/public/toma-images/vinos-tintos/fabre-m-classic-malbec-750ml
Fabre M Cabernet 750ml,Vinos Tintos,$6500.00,https://upfnswxvjbbhffsildji.supabase.co/storage/v1/object/public/toma-images/vinos-tintos/fabre-m-cabernet-750ml
Fabre M Terruño Malbec 750ml,Vinos Tintos,$12300.00,https://upfnswxvjbbhffsildji.supabase.co/storage/v1/object/public/toma-images/vinos-tintos/fabre-m-terruno-malbec-750ml
Fabre M. Terruño Reserva Cabernet Franc 750ml,Vinos Tintos,$13500.00,https://upfnswxvjbbhffsildji.supabase.co/storage/v1/object/public/toma-images/vinos-tintos/fabre-m-terruno-reserva-cabernet-franc-750ml
Fam Carbonero Estate Cabernet 750ml,Vinos Tintos,$7800.00,https://upfnswxvjbbhffsildji.supabase.co/storage/v1/object/public/toma-images/vinos-tintos/fam-carbonero-estate-cabernet-750ml
Fam Carbonero Estate Malbec 750ml,Vinos Tintos,$7800.00,https://upfnswxvjbbhffsildji.supabase.co/storage/v1/object/public/toma-images/vinos-tintos/fam-carbonero-estate-malbec-750ml
Fam Carbonero Reserva Malbec Organico 750ml,Vinos Tintos,$10900.00,https://upfnswxvjbbhffsildji.supabase.co/storage/v1/object/public/toma-images/vinos-tintos/fam-carbonero-reserva-malbec-organico-750ml
Familia Giacometti Malbec 750ml,Vinos Tintos,$5500.00,https://upfnswxvjbbhffsildji.supabase.co/storage/v1/object/public/toma-images/vinos-tintos/familia-giacometti-malbec-750ml
Familia Giacometti Malbec Roble 750ml,Vinos Tintos,$6500.00,https://upfnswxvjbbhffsildji.supabase.co/storage/v1/object/public/toma-images/vinos-tintos/familia-giacometti-malbec-roble-750ml
Familia Giacommetti Cabernet 750ml,Vinos Tintos,$5500.00,https://upfnswxvjbbhffsildji.supabase.co/storage/v1/object/public/toma-images/vinos-tintos/familia-giacommetti-cabernet-750ml
Federhaus Cabernet Sauvignon 750ml,Vinos Tintos,$15500.00,https://upfnswxvjbbhffsildji.supabase.co/storage/v1/object/public/toma-images/vinos-tintos/federhaus-cabernet-sauvignon-750ml
Federhaus Petit Verdot 750ml,Vinos Tintos,$15500.00,https://upfnswxvjbbhffsildji.supabase.co/storage/v1/object/public/toma-images/vinos-tintos/federhaus-petit-verdot-750ml
Federhaus Reserve Malbec 750ml,Vinos Tintos,$15500.00,https://upfnswxvjbbhffsildji.supabase.co/storage/v1/object/public/toma-images/vinos-tintos/federhaus-reserve-malbec-750ml
Federhaus Signature Bonarda 750ml,Vinos Tintos,$8200.00,https://upfnswxvjbbhffsildji.supabase.co/storage/v1/object/public/toma-images/vinos-tintos/federhaus-signature-bonarda-750ml
Federhaus Torrontes 750ml,Vinos Tintos,$8200.00,https://upfnswxvjbbhffsildji.supabase.co/storage/v1/object/public/toma-images/vinos-tintos/federhaus-torrontes-750ml
Finca Las Moras 750ml,Vinos Tintos,$4500.00,https://upfnswxvjbbhffsildji.supabase.co/storage/v1/object/public/toma-images/vinos-tintos/finca-las-moras-750ml
Finjamos Demencia Corte De Tintas 750ml,Vinos Tintos,$4800.00,https://upfnswxvjbbhffsildji.supabase.co/storage/v1/object/public/toma-images/vinos-tintos/finjamos-demencia-corte-de-tintas-750ml
Finjamos Demencia Malbec 750ml,Vinos Tintos,$4800.00,https://upfnswxvjbbhffsildji.supabase.co/storage/v1/object/public/toma-images/vinos-tintos/finjamos-demencia-malbec-750ml
Flichman Estate Malbec 750ml,Vinos Tintos,$6800.00,https://upfnswxvjbbhffsildji.supabase.co/storage/v1/object/public/toma-images/vinos-tintos/flichman-estate-malbec-750ml
Gordo Motoneta 750ml,Vinos Tintos,$4900.00,https://upfnswxvjbbhffsildji.supabase.co/storage/v1/object/public/toma-images/vinos-tintos/gordo-motoneta-750ml
Killka Salentein Malbec 750ml,Vinos Tintos,$7600.00,https://upfnswxvjbbhffsildji.supabase.co/storage/v1/object/public/toma-images/vinos-tintos/killka-salentein-malbec-750ml
La Linda Malbec 750ml,Vinos Tintos,$10200.00,https://upfnswxvjbbhffsildji.supabase.co/storage/v1/object/public/toma-images/vinos-tintos/la-linda-malbec-750ml
Las Perdices Cabernet Sauvignon 750ml,Vinos Tintos,$7800.00,https://upfnswxvjbbhffsildji.supabase.co/storage/v1/object/public/toma-images/vinos-tintos/las-perdices-cabernet-sauvignon-750ml
Las Perdices Malbec 750ml,Vinos Tintos,$8400.00,https://upfnswxvjbbhffsildji.supabase.co/storage/v1/object/public/toma-images/vinos-tintos/las-perdices-malbec-750ml
Las Perdices Partrigde Box Malbec 3L,Vinos Tintos,$18500.00,https://upfnswxvjbbhffsildji.supabase.co/storage/v1/object/public/toma-images/vinos-tintos/las-perdices-partrigde-box-malbec-3l
Las Perdices Partrigde Malbec 750ml,Vinos Tintos,$6200.00,https://upfnswxvjbbhffsildji.supabase.co/storage/v1/object/public/toma-images/vinos-tintos/las-perdices-partrigde-malbec-750ml
Las Perdices Partrigde Red Blend 750ml,Vinos Tintos,$5800.00,https://upfnswxvjbbhffsildji.supabase.co/storage/v1/object/public/toma-images/vinos-tintos/las-perdices-partrigde-red-blend-750ml
Latitud 33 Cabernet Sauv 750ml,Vinos Tintos,$6800.00,https://upfnswxvjbbhffsildji.supabase.co/storage/v1/object/public/toma-images/vinos-tintos/latitud-33-cabernet-sauv-750ml
Latitud 33 Malbec 750ml,Vinos Tintos,$6800.00,https://upfnswxvjbbhffsildji.supabase.co/storage/v1/object/public/toma-images/vinos-tintos/latitud-33-malbec-750ml
Laureano Gomez Terroir Blend 750ml,Vinos Tintos,$17500.00,https://upfnswxvjbbhffsildji.supabase.co/storage/v1/object/public/toma-images/vinos-tintos/laureano-gomez-terroir-blend-750ml
Laureano Gomez Terroir Malbec 750ml,Vinos Tintos,$17500.00,https://upfnswxvjbbhffsildji.supabase.co/storage/v1/object/public/toma-images/vinos-tintos/laureano-gomez-terroir-malbec-750ml
Laureano Gomez Terroir Merlot 750ml,Vinos Tintos,$17500.00,https://upfnswxvjbbhffsildji.supabase.co/storage/v1/object/public/toma-images/vinos-tintos/laureano-gomez-terroir-merlot-750ml
Laureano Gomez Terroir Pinot Noir 750ml,Vinos Tintos,$17500.00,https://upfnswxvjbbhffsildji.supabase.co/storage/v1/object/public/toma-images/vinos-tintos/laureano-gomez-terroir-pinot-noir-750ml
Luigi Bosca Cabernet Sauv 750ml,Vinos Tintos,$15600.00,https://upfnswxvjbbhffsildji.supabase.co/storage/v1/object/public/toma-images/vinos-tintos/luigi-bosca-cabernet-sauv-750ml
Luigi Bosca Malbec 750ml,Vinos Tintos,$16000.00,https://upfnswxvjbbhffsildji.supabase.co/storage/v1/object/public/toma-images/vinos-tintos/luigi-bosca-malbec-750ml
Mestizo Blend 750ml,Vinos Tintos,$8900.00,https://upfnswxvjbbhffsildji.supabase.co/storage/v1/object/public/toma-images/vinos-tintos/mestizo-blend-750ml
Mestizo Epic Flame 750ml,Vinos Tintos,$8900.00,https://upfnswxvjbbhffsildji.supabase.co/storage/v1/object/public/toma-images/vinos-tintos/mestizo-epic-flame-750ml
Mestizo Malbec 750ml,Vinos Tintos,$8900.00,https://upfnswxvjbbhffsildji.supabase.co/storage/v1/object/public/toma-images/vinos-tintos/mestizo-malbec-750ml
Misterio Cabernet 750ml,Vinos Tintos,$4200.00,https://upfnswxvjbbhffsildji.supabase.co/storage/v1/object/public/toma-images/vinos-tintos/misterio-cabernet-750ml
Misterio Malbec 750ml,Vinos Tintos,$4200.00,https://upfnswxvjbbhffsildji.supabase.co/storage/v1/object/public/toma-images/vinos-tintos/misterio-malbec-750ml
Nampe Malbec 750ml,Vinos Tintos,$3800.00,https://upfnswxvjbbhffsildji.supabase.co/storage/v1/object/public/toma-images/vinos-tintos/nampe-malbec-750ml
Naufrago 750ml,Vinos Tintos,$4200.00,https://upfnswxvjbbhffsildji.supabase.co/storage/v1/object/public/toma-images/vinos-tintos/naufrago-750ml
Otro Loco Mas 750ml,Vinos Tintos,$4900.00,https://upfnswxvjbbhffsildji.supabase.co/storage/v1/object/public/toma-images/vinos-tintos/otro-loco-mas-750ml
Portillo Malbec 375ml,Vinos Tintos,$3800.00,https://upfnswxvjbbhffsildji.supabase.co/storage/v1/object/public/toma-images/vinos-tintos/portillo-malbec-375ml
Portillo Malbec 750,Vinos Tintos,$5100.00,https://upfnswxvjbbhffsildji.supabase.co/storage/v1/object/public/toma-images/vinos-tintos/portillo-malbec-750
Profugo 750ml,Vinos Tintos,$3900.00,https://upfnswxvjbbhffsildji.supabase.co/storage/v1/object/public/toma-images/vinos-tintos/profugo-750ml
R P La Maquina 750ml,Vinos Tintos,$8700.00,https://upfnswxvjbbhffsildji.supabase.co/storage/v1/object/public/toma-images/vinos-tintos/r-p-la-maquina-750ml
Rutini Cabernet Malbec 750ml,Vinos Tintos,$16800.00,https://upfnswxvjbbhffsildji.supabase.co/storage/v1/object/public/toma-images/vinos-tintos/rutini-cabernet-malbec-750ml
Saint Felicien Malbec 750ml,Vinos Tintos,$12000.00,https://upfnswxvjbbhffsildji.supabase.co/storage/v1/object/public/toma-images/vinos-tintos/saint-felicien-malbec-750ml
Salentein Reserva Cabernet 750ml,Vinos Tintos,$11900.00,https://upfnswxvjbbhffsildji.supabase.co/storage/v1/object/public/toma-images/vinos-tintos/salentein-reserva-cabernet-750ml
Salentein Reserva Malbec 750ml,Vinos Tintos,$12200.00,https://upfnswxvjbbhffsildji.supabase.co/storage/v1/object/public/toma-images/vinos-tintos/salentein-reserva-malbec-750ml
Santa Julia Tinto Reserva 750ml,Vinos Tintos,$8200.00,https://upfnswxvjbbhffsildji.supabase.co/storage/v1/object/public/toma-images/vinos-tintos/santa-julia-tinto-reserva-750ml
Sensei Malbec 750ml,Vinos Tintos,$9200.00,https://upfnswxvjbbhffsildji.supabase.co/storage/v1/object/public/toma-images/vinos-tintos/sensei-malbec-750ml
Terrazas Res Cabernet Sauv 750ml,Vinos Tintos,$16700.00,https://upfnswxvjbbhffsildji.supabase.co/storage/v1/object/public/toma-images/vinos-tintos/terrazas-res-cabernet-sauv-750ml
Terrazas Res Malbec 750ml,Vinos Tintos,$14900.00,https://upfnswxvjbbhffsildji.supabase.co/storage/v1/object/public/toma-images/vinos-tintos/terrazas-res-malbec-750ml
Toro Tetra 1L,Vinos Tintos,$2500.00,https://upfnswxvjbbhffsildji.supabase.co/storage/v1/object/public/toma-images/vinos-tintos/toro-tetra-1l
Trivento Reserva Malbec 750ml,Vinos Tintos,$7200.00,https://upfnswxvjbbhffsildji.supabase.co/storage/v1/object/public/toma-images/vinos-tintos/trivento-reserva-malbec-750ml
Trumpeter Cabernet Sauvignon 750ml,Vinos Tintos,$9500.00,https://upfnswxvjbbhffsildji.supabase.co/storage/v1/object/public/toma-images/vinos-tintos/trumpeter-cabernet-sauvignon-750ml
Trumpeter Malbec 750ml,Vinos Tintos,$9700.00,https://upfnswxvjbbhffsildji.supabase.co/storage/v1/object/public/toma-images/vinos-tintos/trumpeter-malbec-750ml
Viñas de Balbo 1L,Vinos Tintos,$3200.00,https://upfnswxvjbbhffsildji.supabase.co/storage/v1/object/public/toma-images/vinos-tintos/vinas-de-balbo-1l
Fam Carbonero Wagyu Reserva 750ml,Vinos Tintos,$13200.00,https://upfnswxvjbbhffsildji.supabase.co/storage/v1/object/public/toma-images/vinos-tintos/fam-carbonero-wagyu-reserva-750ml
Azul Chardonnay 750ml,Vinos Blancos y Rosados,$10500.00,https://upfnswxvjbbhffsildji.supabase.co/storage/v1/object/public/toma-images/vinos-blancos-y-rosados/azul-chardonnay-750ml
Azul Sauvignon Blanc,Vinos Blancos y Rosados,$10500.00,https://upfnswxvjbbhffsildji.supabase.co/storage/v1/object/public/toma-images/vinos-blancos-y-rosados/azul-sauvignon-blanc
Callia Tardio Dulce 750ml,Vinos Blancos y Rosados,$3800.00,https://upfnswxvjbbhffsildji.supabase.co/storage/v1/object/public/toma-images/vinos-blancos-y-rosados/callia-tardio-dulce-750ml
Chacabuco Chenin 750ml,Vinos Blancos y Rosados,$6800.00,https://upfnswxvjbbhffsildji.supabase.co/storage/v1/object/public/toma-images/vinos-blancos-y-rosados/chacabuco-chenin-750ml
Cordero Piel De Lobo Blanco Dulce 750ml,Vinos Blancos y Rosados,$6400.00,https://upfnswxvjbbhffsildji.supabase.co/storage/v1/object/public/toma-images/vinos-blancos-y-rosados/cordero-piel-de-lobo-blanco-dulce-750ml
Dilema Day Chardonnay 750ml,Vinos Blancos y Rosados,$3600.00,https://upfnswxvjbbhffsildji.supabase.co/storage/v1/object/public/toma-images/vinos-blancos-y-rosados/dilema-day-chardonnay-750ml
Emilia Cocktail Clarea 750ml,Vinos Blancos y Rosados,$8900.00,https://upfnswxvjbbhffsildji.supabase.co/storage/v1/object/public/toma-images/vinos-blancos-y-rosados/emilia-cocktail-clarea-750ml
Emilia Cocktail Rose 750ml,Vinos Blancos y Rosados,$8900.00,https://upfnswxvjbbhffsildji.supabase.co/storage/v1/object/public/toma-images/vinos-blancos-y-rosados/emilia-cocktail-rose-750ml
Emilia Cocktail Sangria 750ml,Vinos Blancos y Rosados,$8900.00,https://upfnswxvjbbhffsildji.supabase.co/storage/v1/object/public/toma-images/vinos-blancos-y-rosados/emilia-cocktail-sangria-750ml
Emilia Cocktail Spritz 750ml,Vinos Blancos y Rosados,$8900.00,https://upfnswxvjbbhffsildji.supabase.co/storage/v1/object/public/toma-images/vinos-blancos-y-rosados/emilia-cocktail-spritz-750ml
Emilia Dulce Natural Moscatel 750ml,Vinos Blancos y Rosados,$7200.00,https://upfnswxvjbbhffsildji.supabase.co/storage/v1/object/public/toma-images/vinos-blancos-y-rosados/emilia-dulce-natural-moscatel-750ml
Fam Carbonero Blend De Blancas 750ml,Vinos Blancos y Rosados,$6600.00,https://upfnswxvjbbhffsildji.supabase.co/storage/v1/object/public/toma-images/vinos-blancos-y-rosados/fam-carbonero-blend-de-blancas-750ml
Federhaus Reserve Chardonnay 750ml,Vinos Blancos y Rosados,$15500.00,https://upfnswxvjbbhffsildji.supabase.co/storage/v1/object/public/toma-images/vinos-blancos-y-rosados/federhaus-reserve-chardonnay-750ml
Flia Gascon Dulce Natural 750ml,Vinos Blancos y Rosados,$6200.00,https://upfnswxvjbbhffsildji.supabase.co/storage/v1/object/public/toma-images/vinos-blancos-y-rosados/flia-gascon-dulce-natural-750ml
Killka Salentein Sauvignon Blanc 750ml,Vinos Blancos y Rosados,$7200.00,https://upfnswxvjbbhffsildji.supabase.co/storage/v1/object/public/toma-images/vinos-blancos-y-rosados/killka-salentein-sauvignon-blanc-750ml
Las Perdices Partrigde Dulce 750ml,Vinos Blancos y Rosados,$5400.00,https://upfnswxvjbbhffsildji.supabase.co/storage/v1/object/public/toma-images/vinos-blancos-y-rosados/las-perdices-partrigde-dulce-750ml
Las Perdices Torrontes Dulce 750ml,Vinos Blancos y Rosados,$8300.00,https://upfnswxvjbbhffsildji.supabase.co/storage/v1/object/public/toma-images/vinos-blancos-y-rosados/las-perdices-torrontes-dulce-750ml
Lopez Dulde Natural 750ml,Vinos Blancos y Rosados,$5900.00,https://upfnswxvjbbhffsildji.supabase.co/storage/v1/object/public/toma-images/vinos-blancos-y-rosados/lopez-dulde-natural-750ml
Misterio Dulce Natural 750ml,Vinos Blancos y Rosados,$4200.00,https://upfnswxvjbbhffsildji.supabase.co/storage/v1/object/public/toma-images/vinos-blancos-y-rosados/misterio-dulce-natural-750ml
Nicasia Red Blanc mlabec 750ml,Vinos Blancos y Rosados,$10200.00,https://upfnswxvjbbhffsildji.supabase.co/storage/v1/object/public/toma-images/vinos-blancos-y-rosados/nicasia-red-blanc-mlabec-750ml
Otro Loco Mas Blanco Dulce,Vinos Blancos y Rosados,$5600.00,https://upfnswxvjbbhffsildji.supabase.co/storage/v1/object/public/toma-images/vinos-blancos-y-rosados/otro-loco-mas-blanco-dulce
Portillo Dulce 750ml,Vinos Blancos y Rosados,$5800.00,https://upfnswxvjbbhffsildji.supabase.co/storage/v1/object/public/toma-images/vinos-blancos-y-rosados/portillo-dulce-750ml
Salentein Blanc De Blanes 750ml,Vinos Blancos y Rosados,$14500.00,https://upfnswxvjbbhffsildji.supabase.co/storage/v1/object/public/toma-images/vinos-blancos-y-rosados/salentein-blanc-de-blanes-750ml
Santa Julia Chenin Dulce 750ml,Vinos Blancos y Rosados,$8000.00,https://upfnswxvjbbhffsildji.supabase.co/storage/v1/object/public/toma-images/vinos-blancos-y-rosados/santa-julia-chenin-dulce-750ml
Santa Julia Chenin Dulce 269ml,Vinos Blancos y Rosados,$2400.00,https://upfnswxvjbbhffsildji.supabase.co/storage/v1/object/public/toma-images/vinos-blancos-y-rosados/santa-julia-chenin-dulce-269ml
Santa Julia Dulce 750ml,Vinos Blancos y Rosados,$8400.00,https://upfnswxvjbbhffsildji.supabase.co/storage/v1/object/public/toma-images/vinos-blancos-y-rosados/santa-julia-dulce-750ml
Tribu Blanco Dulce 750ml,Vinos Blancos y Rosados,$4000.00,https://upfnswxvjbbhffsildji.supabase.co/storage/v1/object/public/toma-images/vinos-blancos-y-rosados/tribu-blanco-dulce-750ml
Toro Tetrapack Blanco 1L,Vinos Blancos y Rosados,$2200.00,https://upfnswxvjbbhffsildji.supabase.co/storage/v1/object/public/toma-images/vinos-blancos-y-rosados/toro-tetrapack-blanco-1l
Azul Matilda Rose 750ml,Vinos Blancos y Rosados,$14200.18,https://upfnswxvjbbhffsildji.supabase.co/storage/v1/object/public/toma-images/vinos-blancos-y-rosados/azul-matilda-rose-750ml
Champagne Renaissance DU 750ml,Espumantes,$5200.00,https://upfnswxvjbbhffsildji.supabase.co/storage/v1/object/public/toma-images/espumantes/champagne-renaissance-du-750ml
Chandon Extra Brut 375ml,Espumantes,$10800.00,https://upfnswxvjbbhffsildji.supabase.co/storage/v1/object/public/toma-images/espumantes/chandon-extra-brut-375ml
Espumante Baron B Extra Brut 750ml,Espumantes,$38000.00,https://upfnswxvjbbhffsildji.supabase.co/storage/v1/object/public/toma-images/espumantes/espumante-baron-b-extra-brut-750ml
Espumante Chandon Extra Brut 750ml,Espumantes,$18000.00,https://upfnswxvjbbhffsildji.supabase.co/storage/v1/object/public/toma-images/espumantes/espumante-chandon-extra-brut-750ml
Espumante Chandon Delice 750,Espumantes,$16700.00,https://upfnswxvjbbhffsildji.supabase.co/storage/v1/object/public/toma-images/espumantes/espumante-chandon-delice-750
Espumante Las Perdices Dulce Sweety 750ml,Espumantes,$8900.00,https://upfnswxvjbbhffsildji.supabase.co/storage/v1/object/public/toma-images/espumantes/espumante-las-perdices-dulce-sweety-750ml
Espumante Las Perdices Extra Brut 750ml,Espumantes,$9900.00,https://upfnswxvjbbhffsildji.supabase.co/storage/v1/object/public/toma-images/espumantes/espumante-las-perdices-extra-brut-750ml
Espumante Mercier Dulce 750ml,Espumantes,$9800.00,https://upfnswxvjbbhffsildji.supabase.co/storage/v1/object/public/toma-images/espumantes/espumante-mercier-dulce-750ml
Espumante Salentein Doux 750ml,Espumantes,$13200.00,https://upfnswxvjbbhffsildji.supabase.co/storage/v1/object/public/toma-images/espumantes/espumante-salentein-doux-750ml
Espumante Salentein Extra Brut 750ml,Espumantes,$13200.00,https://upfnswxvjbbhffsildji.supabase.co/storage/v1/object/public/toma-images/espumantes/espumante-salentein-extra-brut-750ml
Espumante Santa Julia Dulce 750ml,Espumantes,$13800.00,https://upfnswxvjbbhffsildji.supabase.co/storage/v1/object/public/toma-images/espumantes/espumante-santa-julia-dulce-750ml
Sidra 1930 Dolce 750ml,Espumantes,$6000.00,https://upfnswxvjbbhffsildji.supabase.co/storage/v1/object/public/toma-images/espumantes/sidra-1930-dolce-750ml
Sidra La Farruca 710ml,Espumantes,$2800.00,https://upfnswxvjbbhffsildji.supabase.co/storage/v1/object/public/toma-images/espumantes/sidra-la-farruca-710ml
Aconcagua Blanco 750ml,Gin,$23700.00,https://upfnswxvjbbhffsildji.supabase.co/storage/v1/object/public/toma-images/gin/aconcagua-blanco-750ml
Aconcagua Pink 750ml,Gin,$23700.00,https://upfnswxvjbbhffsildji.supabase.co/storage/v1/object/public/toma-images/gin/aconcagua-pink-750ml
Beefeater 700ml,Gin,$28000.00,https://upfnswxvjbbhffsildji.supabase.co/storage/v1/object/public/toma-images/gin/beefeater-700ml
Bombay 700ml,Gin,$41000.00,https://upfnswxvjbbhffsildji.supabase.co/storage/v1/object/public/toma-images/gin/bombay-700ml
Gin Aconcagua Azul 750ml,Gin,$20500.00,https://upfnswxvjbbhffsildji.supabase.co/storage/v1/object/public/toma-images/gin/gin-aconcagua-azul-750ml
Gin Aconcagua Lime 750ml,Gin,$23700.00,https://upfnswxvjbbhffsildji.supabase.co/storage/v1/object/public/toma-images/gin/gin-aconcagua-lime-750ml
Gin La Mignon Blue 750ml,Gin,$18900.00,https://upfnswxvjbbhffsildji.supabase.co/storage/v1/object/public/toma-images/gin/gin-la-mignon-blue-750ml
Gin La Mignon Mediterranean 750ml,Gin,$18900.00,https://upfnswxvjbbhffsildji.supabase.co/storage/v1/object/public/toma-images/gin/gin-la-mignon-mediterranean-750ml
Gin La Mignon Orange 750ml,Gin,$18900.00,https://upfnswxvjbbhffsildji.supabase.co/storage/v1/object/public/toma-images/gin/gin-la-mignon-orange-750ml
Gin La Mignon Pink 750ml,Gin,$18900.00,https://upfnswxvjbbhffsildji.supabase.co/storage/v1/object/public/toma-images/gin/gin-la-mignon-pink-750ml
Gin Merle London Dry River Plate 750ml Negro,Gin,$21100.00,https://upfnswxvjbbhffsildji.supabase.co/storage/v1/object/public/toma-images/gin/gin-merle-london-dry-river-plate-750ml-negro
Gin Spirito Blu 700ml,Gin,$16000.00,https://upfnswxvjbbhffsildji.supabase.co/storage/v1/object/public/toma-images/gin/gin-spirito-blu-700ml
Merle Gin Pink 750ml,Gin,$13000.00,https://upfnswxvjbbhffsildji.supabase.co/storage/v1/object/public/toma-images/gin/merle-gin-pink-750ml
Merle London Dry River Plate 750ml Blanco,Gin,$21100.00,https://upfnswxvjbbhffsildji.supabase.co/storage/v1/object/public/toma-images/gin/merle-london-dry-river-plate-750ml-blanco
Gin Tanqueray 750ml,Gin,$32000.00,https://upfnswxvjbbhffsildji.supabase.co/storage/v1/object/public/toma-images/gin/gin-tanqueray-750ml
Gin Heredero 750ml,Gin,$15200.04,https://upfnswxvjbbhffsildji.supabase.co/storage/v1/object/public/toma-images/gin/gin-heredero-750ml
Ginebra Llave Black 700ml,Gin,$13800.00,https://upfnswxvjbbhffsildji.supabase.co/storage/v1/object/public/toma-images/gin/ginebra-llave-black-700ml
Gin Gordons 700ml,Gin,$12800.00,https://upfnswxvjbbhffsildji.supabase.co/storage/v1/object/public/toma-images/gin/gin-gordons-700ml
Gin Heredero 750ml ,Gin,$15200.04,https://upfnswxvjbbhffsildji.supabase.co/storage/v1/object/public/toma-images/gin/gin-heredero-750ml
Gin Nordico 750ml,Gin,$15500.00,https://upfnswxvjbbhffsildji.supabase.co/storage/v1/object/public/toma-images/gin/gin-nordico-750ml
Beefeater Naranja 700ml,Gin,$39000.00,https://upfnswxvjbbhffsildji.supabase.co/storage/v1/object/public/toma-images/gin/beefeater-naranja-700ml
Absolut Mandarina 750ml,Vodka,$28000.00,https://upfnswxvjbbhffsildji.supabase.co/storage/v1/object/public/toma-images/vodka/absolut-mandarina-750ml
Absolut Mango 750ml,Vodka,$28000.00,https://upfnswxvjbbhffsildji.supabase.co/storage/v1/object/public/toma-images/vodka/absolut-mango-750ml
Absolut Peach 750ml,Vodka,$28000.00,https://upfnswxvjbbhffsildji.supabase.co/storage/v1/object/public/toma-images/vodka/absolut-peach-750ml
Absolut Pears 750ml,Vodka,$28000.00,https://upfnswxvjbbhffsildji.supabase.co/storage/v1/object/public/toma-images/vodka/absolut-pears-750ml
Absolut Raspberry 750ml,Vodka,$28000.00,https://upfnswxvjbbhffsildji.supabase.co/storage/v1/object/public/toma-images/vodka/absolut-raspberry-750ml
Absolut Vainilla 750ml,Vodka,$28000.00,https://upfnswxvjbbhffsildji.supabase.co/storage/v1/object/public/toma-images/vodka/absolut-vainilla-750ml
Absolut Watermelon 750ml,Vodka,$28000.00,https://upfnswxvjbbhffsildji.supabase.co/storage/v1/object/public/toma-images/vodka/absolut-watermelon-750ml
Absolut Wildberry 750ml,Vodka,$28000.00,https://upfnswxvjbbhffsildji.supabase.co/storage/v1/object/public/toma-images/vodka/absolut-wildberry-750ml
Ciroc Peach 1L,Vodka,$130000.00,https://upfnswxvjbbhffsildji.supabase.co/storage/v1/object/public/toma-images/vodka/ciroc-peach-1l
Ciroc Pineapple 1L,Vodka,$130000.00,https://upfnswxvjbbhffsildji.supabase.co/storage/v1/object/public/toma-images/vodka/ciroc-pineapple-1l
Ciroc Red Berry 1L,Vodka,$130000.00,https://upfnswxvjbbhffsildji.supabase.co/storage/v1/object/public/toma-images/vodka/ciroc-red-berry-1l
Ciroc Red Berry 750ml,Vodka,$87000.00,https://upfnswxvjbbhffsildji.supabase.co/storage/v1/object/public/toma-images/vodka/ciroc-red-berry-750ml
Ciroc Vodka Normal 750ml,Vodka,$70000.00,https://upfnswxvjbbhffsildji.supabase.co/storage/v1/object/public/toma-images/vodka/ciroc-vodka-normal-750ml
Dr Lemon Spicy 473ml,Vodka,$2000.00,https://upfnswxvjbbhffsildji.supabase.co/storage/v1/object/public/toma-images/vodka/dr-lemon-spicy-473ml
Dr Lemon Vodka 1L,Vodka,$4400.00,https://upfnswxvjbbhffsildji.supabase.co/storage/v1/object/public/toma-images/vodka/dr-lemon-vodka-1l
Dr Lemon Vodka 473ml,Vodka,$2600.00,https://upfnswxvjbbhffsildji.supabase.co/storage/v1/object/public/toma-images/vodka/dr-lemon-vodka-473ml
Grey Goose Vodka 1L,Vodka,$109900.00,https://upfnswxvjbbhffsildji.supabase.co/storage/v1/object/public/toma-images/vodka/grey-goose-vodka-1l
Plato Volador Berries 750ml,Vodka,$9800.00,https://upfnswxvjbbhffsildji.supabase.co/storage/v1/object/public/toma-images/vodka/plato-volador-berries-750ml
Plato Volador Chupetin Galactico 750ml,Vodka,$9800.00,https://upfnswxvjbbhffsildji.supabase.co/storage/v1/object/public/toma-images/vodka/plato-volador-chupetin-galactico-750ml
Plato Volador Fucking Chicle 750ml,Vodka,$9800.00,https://upfnswxvjbbhffsildji.supabase.co/storage/v1/object/public/toma-images/vodka/plato-volador-fucking-chicle-750ml
Plato Volador Mango + Maracuya 750ml,Vodka,$9800.00,https://upfnswxvjbbhffsildji.supabase.co/storage/v1/object/public/toma-images/vodka/plato-volador-mango-maracuya-750ml
Sernova Candy Glow 700ml,Vodka,$8600.00,https://upfnswxvjbbhffsildji.supabase.co/storage/v1/object/public/toma-images/vodka/sernova-candy-glow-700ml
Sernova Caribbean Blend 700ml,Vodka,$8600.00,https://upfnswxvjbbhffsildji.supabase.co/storage/v1/object/public/toma-images/vodka/sernova-caribbean-blend-700ml
Sernova Sweet Apple 700ml,Vodka,$8600.00,https://upfnswxvjbbhffsildji.supabase.co/storage/v1/object/public/toma-images/vodka/sernova-sweet-apple-700ml
Sernova Tropical Passion 700ml,Vodka,$8600.00,https://upfnswxvjbbhffsildji.supabase.co/storage/v1/object/public/toma-images/vodka/sernova-tropical-passion-700ml
Sernova Wild Berries 700ml,Vodka,$8600.00,https://upfnswxvjbbhffsildji.supabase.co/storage/v1/object/public/toma-images/vodka/sernova-wild-berries-700ml
Skyy Apericot 750ml,Vodka,$11500.00,https://upfnswxvjbbhffsildji.supabase.co/storage/v1/object/public/toma-images/vodka/skyy-apericot-750ml
Skyy Cosmic 750ml,Vodka,$12000.00,https://upfnswxvjbbhffsildji.supabase.co/storage/v1/object/public/toma-images/vodka/skyy-cosmic-750ml
Skyy Pineapple 750ml,Vodka,$11500.00,https://upfnswxvjbbhffsildji.supabase.co/storage/v1/object/public/toma-images/vodka/skyy-pineapple-750ml
Skyy Raspberry 750ml,Vodka,$11500.00,https://upfnswxvjbbhffsildji.supabase.co/storage/v1/object/public/toma-images/vodka/skyy-raspberry-750ml
Smirnoff Citric 750ml,Vodka,$10500.00,https://upfnswxvjbbhffsildji.supabase.co/storage/v1/object/public/toma-images/vodka/smirnoff-citric-750ml
Smirnoff Citrus 750ml,Vodka,$10500.00,https://upfnswxvjbbhffsildji.supabase.co/storage/v1/object/public/toma-images/vodka/smirnoff-citrus-750ml
Smirnoff Green Apple 750ml,Vodka,$10500.00,https://upfnswxvjbbhffsildji.supabase.co/storage/v1/object/public/toma-images/vodka/smirnoff-green-apple-750ml
Smirnoff Ice Apple Lata 473ml,Vodka,$3600.00,https://upfnswxvjbbhffsildji.supabase.co/storage/v1/object/public/toma-images/vodka/smirnoff-ice-apple-lata-473ml
Smirnoff Ice Berry Lata 473ml,Vodka,$3600.00,https://upfnswxvjbbhffsildji.supabase.co/storage/v1/object/public/toma-images/vodka/smirnoff-ice-berry-lata-473ml
Smirnoff Raspberry 750ml,Vodka,$10500.00,https://upfnswxvjbbhffsildji.supabase.co/storage/v1/object/public/toma-images/vodka/smirnoff-raspberry-750ml
Smirnoff Tamarindo 750ml,Vodka,$10500.00,https://upfnswxvjbbhffsildji.supabase.co/storage/v1/object/public/toma-images/vodka/smirnoff-tamarindo-750ml
Smirnoff Tropical Fruits 750ml,Vodka,$10500.00,https://upfnswxvjbbhffsildji.supabase.co/storage/v1/object/public/toma-images/vodka/smirnoff-tropical-fruits-750ml
Smirnoff Watermelon 750ml,Vodka,$10500.00,https://upfnswxvjbbhffsildji.supabase.co/storage/v1/object/public/toma-images/vodka/smirnoff-watermelon-750ml
Sernova Clasico 700ml,Vodka,$7800.00,https://upfnswxvjbbhffsildji.supabase.co/storage/v1/object/public/toma-images/vodka/sernova-clasico-700ml
Havana 3 Años 750ml,Whisky y Ron,$18500.00,https://upfnswxvjbbhffsildji.supabase.co/storage/v1/object/public/toma-images/whisky-y-ron/havana-3-anos-750ml
Jack Daniels Tennessee 1L,Whisky y Ron,$65000.00,https://upfnswxvjbbhffsildji.supabase.co/storage/v1/object/public/toma-images/whisky-y-ron/jack-daniels-tennessee-1l
Jack Daniels Tennessee Apple 1L,Whisky y Ron,$65000.00,https://upfnswxvjbbhffsildji.supabase.co/storage/v1/object/public/toma-images/whisky-y-ron/jack-daniels-tennessee-apple-1l
Jack Daniels Tennessee Fire 1L,Whisky y Ron,$65000.00,https://upfnswxvjbbhffsildji.supabase.co/storage/v1/object/public/toma-images/whisky-y-ron/jack-daniels-tennessee-fire-1l
Jack Daniels Tennessee Honey 1L,Whisky y Ron,$65000.00,https://upfnswxvjbbhffsildji.supabase.co/storage/v1/object/public/toma-images/whisky-y-ron/jack-daniels-tennessee-honey-1l
Jameson 750ml,Whisky y Ron,$32000.00,https://upfnswxvjbbhffsildji.supabase.co/storage/v1/object/public/toma-images/whisky-y-ron/jameson-750ml
Johnnie Walker Gold Label Reserve 750ml,Whisky y Ron,$110500.00,https://upfnswxvjbbhffsildji.supabase.co/storage/v1/object/public/toma-images/whisky-y-ron/johnnie-walker-gold-label-reserve-750ml
Johnnie Walker Red Label 1L,Whisky y Ron,$50000.00,https://upfnswxvjbbhffsildji.supabase.co/storage/v1/object/public/toma-images/whisky-y-ron/johnnie-walker-red-label-1l
Johnnie Walker Ultimate 18 años 750ml,Whisky y Ron,$247000.00,https://upfnswxvjbbhffsildji.supabase.co/storage/v1/object/public/toma-images/whisky-y-ron/johnnie-walker-ultimate-18-anos-750ml
Johnny Walker Black 12 Años 1L,Whisky y Ron,$55000.00,https://upfnswxvjbbhffsildji.supabase.co/storage/v1/object/public/toma-images/whisky-y-ron/johnny-walker-black-12-anos-1l
Johnny Walker Double Black 1L,Whisky y Ron,$109000.00,https://upfnswxvjbbhffsildji.supabase.co/storage/v1/object/public/toma-images/whisky-y-ron/johnny-walker-double-black-1l
White Horse 750ml,Whisky y Ron,$21899.00,https://upfnswxvjbbhffsildji.supabase.co/storage/v1/object/public/toma-images/whisky-y-ron/white-horse-750ml
American Club Piña Colada 750ml,Aperitivos y Licores,$7600.00,https://upfnswxvjbbhffsildji.supabase.co/storage/v1/object/public/toma-images/aperitivos-y-licores/american-club-pina-colada-750ml
Amargo Obrero 950ml,Aperitivos y Licores,$6200.00,https://upfnswxvjbbhffsildji.supabase.co/storage/v1/object/public/toma-images/aperitivos-y-licores/amargo-obrero-950ml
Amarula Coffeee Cream 750ml,Aperitivos y Licores,$45000.00,https://upfnswxvjbbhffsildji.supabase.co/storage/v1/object/public/toma-images/aperitivos-y-licores/amarula-coffeee-cream-750ml
Amarula Cream 750ml,Aperitivos y Licores,$45000.00,https://upfnswxvjbbhffsildji.supabase.co/storage/v1/object/public/toma-images/aperitivos-y-licores/amarula-cream-750ml
Amarula Raspberry Chocolate 750ml,Aperitivos y Licores,$45000.00,https://upfnswxvjbbhffsildji.supabase.co/storage/v1/object/public/toma-images/aperitivos-y-licores/amarula-raspberry-chocolate-750ml
Amarula Vainilla Spice Cream 750ml,Aperitivos y Licores,$45000.00,https://upfnswxvjbbhffsildji.supabase.co/storage/v1/object/public/toma-images/aperitivos-y-licores/amarula-vainilla-spice-cream-750ml
Amarula Vegan Coconut Based 750ml,Aperitivos y Licores,$45000.00,https://upfnswxvjbbhffsildji.supabase.co/storage/v1/object/public/toma-images/aperitivos-y-licores/amarula-vegan-coconut-based-750ml
Aperol 750ml,Aperitivos y Licores,$10700.00,https://upfnswxvjbbhffsildji.supabase.co/storage/v1/object/public/toma-images/aperitivos-y-licores/aperol-750ml
Branca Menta 750ml,Aperitivos y Licores,$8800.00,https://upfnswxvjbbhffsildji.supabase.co/storage/v1/object/public/toma-images/aperitivos-y-licores/branca-menta-750ml
Fernet Buhero 700ml,Aperitivos y Licores,$8400.00,https://upfnswxvjbbhffsildji.supabase.co/storage/v1/object/public/toma-images/aperitivos-y-licores/fernet-buhero-700ml
Campari 750ml,Aperitivos y Licores,$11500.00,https://upfnswxvjbbhffsildji.supabase.co/storage/v1/object/public/toma-images/aperitivos-y-licores/campari-750ml
Caña Legui 750ml,Aperitivos y Licores,$5200.11,https://upfnswxvjbbhffsildji.supabase.co/storage/v1/object/public/toma-images/aperitivos-y-licores/cana-legui-750ml
Carpano Bianco 955ml,Aperitivos y Licores,$7700.00,https://upfnswxvjbbhffsildji.supabase.co/storage/v1/object/public/toma-images/aperitivos-y-licores/carpano-bianco-955ml
Carpano Rosso 955ml,Aperitivos y Licores,$7500.00,https://upfnswxvjbbhffsildji.supabase.co/storage/v1/object/public/toma-images/aperitivos-y-licores/carpano-rosso-955ml
Cinzano Rosso 955ml,Aperitivos y Licores,$9800.00,https://upfnswxvjbbhffsildji.supabase.co/storage/v1/object/public/toma-images/aperitivos-y-licores/cinzano-rosso-955ml
Fernet Branca 750ml,Aperitivos y Licores,$16500.00,https://upfnswxvjbbhffsildji.supabase.co/storage/v1/object/public/toma-images/aperitivos-y-licores/fernet-branca-750ml
Fernet Branca Edicion Limitada 750ml,Aperitivos y Licores,$14500.00,https://upfnswxvjbbhffsildji.supabase.co/storage/v1/object/public/toma-images/aperitivos-y-licores/fernet-branca-edicion-limitada-750ml
Fernet Branca 1L,Aperitivos y Licores,$18900.00,https://upfnswxvjbbhffsildji.supabase.co/storage/v1/object/public/toma-images/aperitivos-y-licores/fernet-branca-1l
Fernet Branca 450ml,Aperitivos y Licores,$10500.23,https://upfnswxvjbbhffsildji.supabase.co/storage/v1/object/public/toma-images/aperitivos-y-licores/fernet-branca-450ml
Fernet Vittone Speciale 750ml,Aperitivos y Licores,$6000.00,https://upfnswxvjbbhffsildji.supabase.co/storage/v1/object/public/toma-images/aperitivos-y-licores/fernet-vittone-speciale-750ml
Gancia 473ml,Aperitivos y Licores,$3000.00,https://upfnswxvjbbhffsildji.supabase.co/storage/v1/object/public/toma-images/aperitivos-y-licores/gancia-473ml
Gancia 950ml,Aperitivos y Licores,$8600.00,https://upfnswxvjbbhffsildji.supabase.co/storage/v1/object/public/toma-images/aperitivos-y-licores/gancia-950ml
Gancia Americano Cero 473ml,Aperitivos y Licores,$2600.00,https://upfnswxvjbbhffsildji.supabase.co/storage/v1/object/public/toma-images/aperitivos-y-licores/gancia-americano-cero-473ml
Gancia Hibiscus 473ml,Aperitivos y Licores,$2900.00,https://upfnswxvjbbhffsildji.supabase.co/storage/v1/object/public/toma-images/aperitivos-y-licores/gancia-hibiscus-473ml
Jagermeister 700ml,Aperitivos y Licores,$40000.00,https://upfnswxvjbbhffsildji.supabase.co/storage/v1/object/public/toma-images/aperitivos-y-licores/jagermeister-700ml
Vermut Punt E Mes 750ml,Aperitivos y Licores,$8300.00,https://upfnswxvjbbhffsildji.supabase.co/storage/v1/object/public/toma-images/aperitivos-y-licores/vermut-punt-e-mes-750ml
Cinzano Segundo 955ml,Aperitivos y Licores,$9800.00,https://upfnswxvjbbhffsildji.supabase.co/storage/v1/object/public/toma-images/aperitivos-y-licores/cinzano-segundo-955ml
Gancia Premium 750ml,Aperitivos y Licores,$11000.00,https://upfnswxvjbbhffsildji.supabase.co/storage/v1/object/public/toma-images/aperitivos-y-licores/gancia-premium-750ml
Licor Borghetti 700ml,Aperitivos y Licores,$11800.00,https://upfnswxvjbbhffsildji.supabase.co/storage/v1/object/public/toma-images/aperitivos-y-licores/licor-borghetti-700ml
Ramazzotti Rosato,Aperitivos y Licores,$10900.00,https://upfnswxvjbbhffsildji.supabase.co/storage/v1/object/public/toma-images/aperitivos-y-licores/ramazzotti-rosato
Hodmoser,Aperitivos y Licores,$26400.00,https://upfnswxvjbbhffsildji.supabase.co/storage/v1/object/public/toma-images/aperitivos-y-licores/hodmoser
Malibu 750ml,Aperitivos y Licores,$21500.00,https://upfnswxvjbbhffsildji.supabase.co/storage/v1/object/public/toma-images/aperitivos-y-licores/malibu-750ml
Martini Dry,Aperitivos y Licores,$12800.15,https://upfnswxvjbbhffsildji.supabase.co/storage/v1/object/public/toma-images/aperitivos-y-licores/martini-dry
Coca Cola 1 5L,Gaseosas,$4000.00,https://upfnswxvjbbhffsildji.supabase.co/storage/v1/object/public/toma-images/gaseosas/coca-cola-1-5l
Coca Cola 2 5L,Gaseosas,$5500.00,https://upfnswxvjbbhffsildji.supabase.co/storage/v1/object/public/toma-images/gaseosas/coca-cola-2-5l
Coca Cola 500ml,Gaseosas,$1500.00,https://upfnswxvjbbhffsildji.supabase.co/storage/v1/object/public/toma-images/gaseosas/coca-cola-500ml
Coca Cola Zero 500ml,Gaseosas,$1500.00,https://upfnswxvjbbhffsildji.supabase.co/storage/v1/object/public/toma-images/gaseosas/coca-cola-zero-500ml
Coca Zero 1 5L,Gaseosas,$3800.00,https://upfnswxvjbbhffsildji.supabase.co/storage/v1/object/public/toma-images/gaseosas/coca-zero-1-5l
Fanta 1.5L,Gaseosas,$3300.00,https://upfnswxvjbbhffsildji.supabase.co/storage/v1/object/public/toma-images/gaseosas/fanta-15l
Fanta 500ml,Gaseosas,$1500.00,https://upfnswxvjbbhffsildji.supabase.co/storage/v1/object/public/toma-images/gaseosas/fanta-500ml
Fanta Lata 355ml,Gaseosas,$1300.00,https://upfnswxvjbbhffsildji.supabase.co/storage/v1/object/public/toma-images/gaseosas/fanta-lata-355ml
Coca Cola Lata 355ml,Gaseosas,$1300.00,https://upfnswxvjbbhffsildji.supabase.co/storage/v1/object/public/toma-images/gaseosas/coca-cola-lata-355ml
Coca Cola Zero Lata 355ml,Gaseosas,$1300.00,https://upfnswxvjbbhffsildji.supabase.co/storage/v1/object/public/toma-images/gaseosas/coca-cola-zero-lata-355ml
Mirinda Lata 355ml,Gaseosas,$1300.00,https://upfnswxvjbbhffsildji.supabase.co/storage/v1/object/public/toma-images/gaseosas/mirinda-lata-355ml
Pepsi Lata 355ml,Gaseosas,$1300.00,https://upfnswxvjbbhffsildji.supabase.co/storage/v1/object/public/toma-images/gaseosas/pepsi-lata-355ml
Paso De Los Toros 500ml,Gaseosas,$1500.00,https://upfnswxvjbbhffsildji.supabase.co/storage/v1/object/public/toma-images/gaseosas/paso-de-los-toros-500ml
Paso De Los Toros Pomelo 1 5L,Gaseosas,$3600.00,https://upfnswxvjbbhffsildji.supabase.co/storage/v1/object/public/toma-images/gaseosas/paso-de-los-toros-pomelo-1-5l
Paso De Los Toros Pomelo 269ml,Gaseosas,$1100.00,https://upfnswxvjbbhffsildji.supabase.co/storage/v1/object/public/toma-images/gaseosas/paso-de-los-toros-pomelo-269ml
Paso De Los Toros Tonica 1 5L,Gaseosas,$3600.00,https://upfnswxvjbbhffsildji.supabase.co/storage/v1/object/public/toma-images/gaseosas/paso-de-los-toros-tonica-1-5l
Paso De Los Toros Tonica Zero 1 5L,Gaseosas,$3500.00,https://upfnswxvjbbhffsildji.supabase.co/storage/v1/object/public/toma-images/gaseosas/paso-de-los-toros-tonica-zero-1-5l
Pepsi 1 5L,Gaseosas,$3800.00,https://upfnswxvjbbhffsildji.supabase.co/storage/v1/object/public/toma-images/gaseosas/pepsi-1-5l
Pepsi 2L,Gaseosas,$2000.00,https://upfnswxvjbbhffsildji.supabase.co/storage/v1/object/public/toma-images/gaseosas/pepsi-2l
Pepsi 500ml,Gaseosas,$1500.00,https://upfnswxvjbbhffsildji.supabase.co/storage/v1/object/public/toma-images/gaseosas/pepsi-500ml
Pritty 2.25L,Gaseosas,$2800.00,https://upfnswxvjbbhffsildji.supabase.co/storage/v1/object/public/toma-images/gaseosas/pritty-225l
Gaseosa Rumipal Citrus 1.5L,Gaseosas,$1500.00,https://upfnswxvjbbhffsildji.supabase.co/storage/v1/object/public/toma-images/gaseosas/gaseosa-rumipal-citrus-15l
Gaseosa Rumipal Lima Limon 2.25L,Gaseosas,$1500.00,https://upfnswxvjbbhffsildji.supabase.co/storage/v1/object/public/toma-images/gaseosas/gaseosa-rumipal-lima-limon-225l
Gaseosa Rumipal Limon 2.25L,Gaseosas,$1500.00,https://upfnswxvjbbhffsildji.supabase.co/storage/v1/object/public/toma-images/gaseosas/gaseosa-rumipal-limon-225l
Gaseosa Rumipal Naranja 2.25L,Gaseosas,$1500.00,https://upfnswxvjbbhffsildji.supabase.co/storage/v1/object/public/toma-images/gaseosas/gaseosa-rumipal-naranja-225l
Gaseosa Rumipal Pomelo 1.5L,Gaseosas,$1500.00,https://upfnswxvjbbhffsildji.supabase.co/storage/v1/object/public/toma-images/gaseosas/gaseosa-rumipal-pomelo-15l
Gaseosa Rumipal Pomelo 2.25L,Gaseosas,$1500.00,https://upfnswxvjbbhffsildji.supabase.co/storage/v1/object/public/toma-images/gaseosas/gaseosa-rumipal-pomelo-225l
Gaseosa Rumipal Tonica 1.5L,Gaseosas,$1600.00,https://upfnswxvjbbhffsildji.supabase.co/storage/v1/object/public/toma-images/gaseosas/gaseosa-rumipal-tonica-15l
Schweppes Pomelo Zero 1 5L,Gaseosas,$3800.00,https://upfnswxvjbbhffsildji.supabase.co/storage/v1/object/public/toma-images/gaseosas/schweppes-pomelo-zero-1-5l
Schweppes Tonica 1 5L,Gaseosas,$3200.00,https://upfnswxvjbbhffsildji.supabase.co/storage/v1/object/public/toma-images/gaseosas/schweppes-tonica-1-5l
Seven Up 2L,Gaseosas,$2500.00,https://upfnswxvjbbhffsildji.supabase.co/storage/v1/object/public/toma-images/gaseosas/seven-up-2l
Seven Up Lata 355ml,Gaseosas,$1300.00,https://upfnswxvjbbhffsildji.supabase.co/storage/v1/object/public/toma-images/gaseosas/seven-up-lata-355ml
Seven Up 1.5L,Gaseosas,$3200.05,https://upfnswxvjbbhffsildji.supabase.co/storage/v1/object/public/toma-images/gaseosas/seven-up-15l
Sprite 1.5L,Gaseosas,$4000.00,https://upfnswxvjbbhffsildji.supabase.co/storage/v1/object/public/toma-images/gaseosas/sprite-15l
Sprite 2.25L,Gaseosas,$4200.00,https://upfnswxvjbbhffsildji.supabase.co/storage/v1/object/public/toma-images/gaseosas/sprite-225l
Sprite 500ml,Gaseosas,$1500.00,https://upfnswxvjbbhffsildji.supabase.co/storage/v1/object/public/toma-images/gaseosas/sprite-500ml
Sprite Lata 355ml,Gaseosas,$1300.00,https://upfnswxvjbbhffsildji.supabase.co/storage/v1/object/public/toma-images/gaseosas/sprite-lata-355ml
Monster Blanco 473ml,Energizantes,$3000.00,https://upfnswxvjbbhffsildji.supabase.co/storage/v1/object/public/toma-images/energizantes/monster-blanco-473ml
Monster Chicle 473ml,Energizantes,$3000.00,https://upfnswxvjbbhffsildji.supabase.co/storage/v1/object/public/toma-images/energizantes/monster-chicle-473ml
Monster Clásico 473ml,Energizantes,$3000.00,https://upfnswxvjbbhffsildji.supabase.co/storage/v1/object/public/toma-images/energizantes/monster-clasico-473ml
Monster Mango 473ml,Energizantes,$3000.00,https://upfnswxvjbbhffsildji.supabase.co/storage/v1/object/public/toma-images/energizantes/monster-mango-473ml
Monster Naranja 473ml,Energizantes,$3000.00,https://upfnswxvjbbhffsildji.supabase.co/storage/v1/object/public/toma-images/energizantes/monster-naranja-473ml
Monster Sandia,Energizantes,$3000.00,https://upfnswxvjbbhffsildji.supabase.co/storage/v1/object/public/toma-images/energizantes/monster-sandia
Red Bull 255ml,Energizantes,$3300.00,https://upfnswxvjbbhffsildji.supabase.co/storage/v1/object/public/toma-images/energizantes/red-bull-255ml
Speed 473ml,Energizantes,$3000.00,https://upfnswxvjbbhffsildji.supabase.co/storage/v1/object/public/toma-images/energizantes/speed-473ml
Agua Rumipal 2L,Aguas y Sodas,$1500.00,https://upfnswxvjbbhffsildji.supabase.co/storage/v1/object/public/toma-images/aguas-y-sodas/agua-rumipal-2l
Agua Rumipal 500ml,Aguas y Sodas,$800.00,https://upfnswxvjbbhffsildji.supabase.co/storage/v1/object/public/toma-images/aguas-y-sodas/agua-rumipal-500ml
Agua Bonaqua 1 5L,Aguas y Sodas,$1800.00,https://upfnswxvjbbhffsildji.supabase.co/storage/v1/object/public/toma-images/aguas-y-sodas/agua-bonaqua-1-5l
Agua Bonaqua 500ml,Aguas y Sodas,$1400.00,https://upfnswxvjbbhffsildji.supabase.co/storage/v1/object/public/toma-images/aguas-y-sodas/agua-bonaqua-500ml
Soda Rumipal Botella 1.5L,Aguas y Sodas,$1200.00,https://upfnswxvjbbhffsildji.supabase.co/storage/v1/object/public/toma-images/aguas-y-sodas/soda-rumipal-botella-15l
Soda Rumipal Sifon,Aguas y Sodas,$1600.00,https://upfnswxvjbbhffsildji.supabase.co/storage/v1/object/public/toma-images/aguas-y-sodas/soda-rumipal-sifon
Agua Rumipal Bidon 6L,Aguas y Sodas,$2500.00,https://upfnswxvjbbhffsildji.supabase.co/storage/v1/object/public/toma-images/aguas-y-sodas/agua-rumipal-bidon-6l
Agua Bonaqua 2.5L,Aguas y Sodas,$2500.00,https://upfnswxvjbbhffsildji.supabase.co/storage/v1/object/public/toma-images/aguas-y-sodas/agua-bonaqua-25l
Aquarius Limonada 1L,Aguas y Sodas,$3200.00,https://upfnswxvjbbhffsildji.supabase.co/storage/v1/object/public/toma-images/aguas-y-sodas/aquarius-limonada-1l
Aquarius Limonada 500ml,Aguas y Sodas,$1500.00,https://upfnswxvjbbhffsildji.supabase.co/storage/v1/object/public/toma-images/aguas-y-sodas/aquarius-limonada-500ml
Aquarius Manzana 1L,Aguas y Sodas,$3000.00,https://upfnswxvjbbhffsildji.supabase.co/storage/v1/object/public/toma-images/aguas-y-sodas/aquarius-manzana-1l
Aquarius Manzana 500ml,Aguas y Sodas,$1500.00,https://upfnswxvjbbhffsildji.supabase.co/storage/v1/object/public/toma-images/aguas-y-sodas/aquarius-manzana-500ml
Aquarius Naranja 1L,Aguas y Sodas,$3000.00,https://upfnswxvjbbhffsildji.supabase.co/storage/v1/object/public/toma-images/aguas-y-sodas/aquarius-naranja-1l
Aquarius Naranja 500ml,Aguas y Sodas,$1500.00,https://upfnswxvjbbhffsildji.supabase.co/storage/v1/object/public/toma-images/aguas-y-sodas/aquarius-naranja-500ml
Aquarius Pera 1L,Aguas y Sodas,$3200.00,https://upfnswxvjbbhffsildji.supabase.co/storage/v1/object/public/toma-images/aguas-y-sodas/aquarius-pera-1l
Aquarius Pera 500ml,Aguas y Sodas,$1500.00,https://upfnswxvjbbhffsildji.supabase.co/storage/v1/object/public/toma-images/aguas-y-sodas/aquarius-pera-500ml
Aquarius Pomelo 1L,Aguas y Sodas,$3200.00,https://upfnswxvjbbhffsildji.supabase.co/storage/v1/object/public/toma-images/aguas-y-sodas/aquarius-pomelo-1l
Aquarius Pomelo 500ml,Aguas y Sodas,$1500.00,https://upfnswxvjbbhffsildji.supabase.co/storage/v1/object/public/toma-images/aguas-y-sodas/aquarius-pomelo-500ml
Aquarius Uva 1L,Aguas y Sodas,$3200.00,https://upfnswxvjbbhffsildji.supabase.co/storage/v1/object/public/toma-images/aguas-y-sodas/aquarius-uva-1l
Aquarius Uva 500ml,Aguas y Sodas,$1500.00,https://upfnswxvjbbhffsildji.supabase.co/storage/v1/object/public/toma-images/aguas-y-sodas/aquarius-uva-500ml
Agua Sab Rumipal Manzana 1.5L,Aguas y Sodas,$1300.00,https://upfnswxvjbbhffsildji.supabase.co/storage/v1/object/public/toma-images/aguas-y-sodas/agua-sab-rumipal-manzana-15l
Agua Sab Rumipal Naranja 500ml,Aguas y Sodas,$1000.00,https://upfnswxvjbbhffsildji.supabase.co/storage/v1/object/public/toma-images/aguas-y-sodas/agua-sab-rumipal-naranja-500ml
Agua Sab Rumipal Pomelo 1.5L,Aguas y Sodas,$1300.00,https://upfnswxvjbbhffsildji.supabase.co/storage/v1/object/public/toma-images/aguas-y-sodas/agua-sab-rumipal-pomelo-15l
Agua Sab Rumipal Pomelo 500ml,Aguas y Sodas,$1000.00,https://upfnswxvjbbhffsildji.supabase.co/storage/v1/object/public/toma-images/aguas-y-sodas/agua-sab-rumipal-pomelo-500ml
Baggio Durazno L,Jugos e Isotónicas,$2200.00,https://upfnswxvjbbhffsildji.supabase.co/storage/v1/object/public/toma-images/jugos-e-isotonicas/baggio-durazno-l
Baggio Multiruta 1L,Jugos e Isotónicas,$2200.00,https://upfnswxvjbbhffsildji.supabase.co/storage/v1/object/public/toma-images/jugos-e-isotonicas/baggio-multiruta-1l
Baggio Naranja 1L,Jugos e Isotónicas,$2200.00,https://upfnswxvjbbhffsildji.supabase.co/storage/v1/object/public/toma-images/jugos-e-isotonicas/baggio-naranja-1l
Cepita Durazno 1.5L ,Jugos e Isotónicas,$3200.00,https://upfnswxvjbbhffsildji.supabase.co/storage/v1/object/public/toma-images/jugos-e-isotonicas/cepita-durazno-15l
Cepita Naranja 1L,Jugos e Isotónicas,$2500.00,https://upfnswxvjbbhffsildji.supabase.co/storage/v1/object/public/toma-images/jugos-e-isotonicas/cepita-naranja-1l
Cepita Durazno 1L,Jugos e Isotónicas,$2500.00,https://upfnswxvjbbhffsildji.supabase.co/storage/v1/object/public/toma-images/jugos-e-isotonicas/cepita-durazno-1l
Cepita Naranja 1 5L,Jugos e Isotónicas,$3400.00,https://upfnswxvjbbhffsildji.supabase.co/storage/v1/object/public/toma-images/jugos-e-isotonicas/cepita-naranja-1-5l
Gatorade Azul 1.25L,Jugos e Isotónicas,$4200.00,https://upfnswxvjbbhffsildji.supabase.co/storage/v1/object/public/toma-images/jugos-e-isotonicas/gatorade-azul-125l
Gatorade Azul 500ml,Jugos e Isotónicas,$3000.00,https://upfnswxvjbbhffsildji.supabase.co/storage/v1/object/public/toma-images/jugos-e-isotonicas/gatorade-azul-500ml
Gatorade Manzana 1.25L,Jugos e Isotónicas,$4200.00,https://upfnswxvjbbhffsildji.supabase.co/storage/v1/object/public/toma-images/jugos-e-isotonicas/gatorade-manzana-125l
Gatorade Manzana 500ml,Jugos e Isotónicas,$2500.00,https://upfnswxvjbbhffsildji.supabase.co/storage/v1/object/public/toma-images/jugos-e-isotonicas/gatorade-manzana-500ml
Gatorade Naranja 1.25L,Jugos e Isotónicas,$4200.00,https://upfnswxvjbbhffsildji.supabase.co/storage/v1/object/public/toma-images/jugos-e-isotonicas/gatorade-naranja-125l
Gatorade Roja 1.25L,Jugos e Isotónicas,$4200.00,https://upfnswxvjbbhffsildji.supabase.co/storage/v1/object/public/toma-images/jugos-e-isotonicas/gatorade-roja-125l
Gatorade Rojo 500ml,Jugos e Isotónicas,$3000.00,https://upfnswxvjbbhffsildji.supabase.co/storage/v1/object/public/toma-images/jugos-e-isotonicas/gatorade-rojo-500ml
Powerade Frutas Tropicales 995ml ,Jugos e Isotónicas,$2600.00,https://upfnswxvjbbhffsildji.supabase.co/storage/v1/object/public/toma-images/jugos-e-isotonicas/powerade-frutas-tropicales-995ml
Powerade Mountain Blast 995ml ,Jugos e Isotónicas,$2600.00,https://upfnswxvjbbhffsildji.supabase.co/storage/v1/object/public/toma-images/jugos-e-isotonicas/powerade-mountain-blast-995ml
Powerade Azul 500ml,Jugos e Isotónicas,$2200.00,https://upfnswxvjbbhffsildji.supabase.co/storage/v1/object/public/toma-images/jugos-e-isotonicas/powerade-azul-500ml
Powerade Rojo 500ml,Jugos e Isotónicas,$2200.00,https://upfnswxvjbbhffsildji.supabase.co/storage/v1/object/public/toma-images/jugos-e-isotonicas/powerade-rojo-500ml
