name,price,category,slug,image_url
3D Mega Tubito 85g,3100.00,Snacks,3d-mega-tubito-85g,
3D Mega Tubito X43g,2000.00,Snacks,3d-mega-tubito-x43g,
A Club Piña Colada,7600.00,Aperitivos,a-club-pina-colada,
Absolut Mandarina,28000.00,Vodka,absolut-mandarina,
Absolut Mango,28000.00,Vodka,absolut-mango,
Absolut Peach,28000.00,Vodka,absolut-peach,
Absolut Pears,28000.00,Vodka,absolut-pears,
Absolut Raspberry,28000.00,Vodka,absolut-raspberry,https://cdn.jsdelivr.net/gh/USER/toma-images/images/absolut-raspberry.jpg
Absolut Vainilla,28000.00,Vodka,absolut-vainilla,
Absolut Watermelon,28000.00,Vodka,absolut-watermelon,
Absolut Wildberri,28000.00,Vodka,absolut-wildberri,
Aconcagua Blanco,23700.00,Vinos Blancos,aconcagua-blanco,
Aconcagua Pink,23700.00,Aguas,aconcagua-pink,
Agua Rumipal 2l,1500.00,Aguas,agua-rumipal-2l,
Agua Rumipal 500ml,800.00,Aguas,agua-rumipal-500ml,
Aguila Taza X100g,3900.00,Golosinas,aguila-taza-x100g,
Alambrado Cabernet Franc,6900.00,Vinos Tintos,alambrado-cabernet-franc,
Alambrado Malbec,6900.00,Vinos Tintos,alambrado-malbec,https://cdn.jsdelivr.net/gh/USER/toma-images/images/alambrado-malbec.jpg
Alamos Malbec X750ml,7499.94,Vinos Tintos,alamos-malbec-x750ml,
Alf 3.0 Blanco Bagley X73.5g,2000.00,Vinos Blancos,alf-30-blanco-bagley-x735g,
Alf 3.0 Negro Bagley X73.5g,2000.00,Golosinas,alf-30-negro-bagley-x735g,
Alf Triple. Choco/Creamy X60g,2000.00,Golosinas,alf-triple-chococreamy-x60g,
Alf. Aguila Minitorta Clasico X69g,2000.00,Golosinas,alf-aguila-minitorta-clasico-x69g,
Alf. B-O-B Negro Triple X73g,2000.00,Golosinas,alf-b-o-b-negro-triple-x73g,
Alf. Cofler Mousse X40g,2000.00,Golosinas,alf-cofler-mousse-x40g,
Alf. Minitorta Aguila Brownie X69g,2000.00,Golosinas,alf-minitorta-aguila-brownie-x69g,
Alf. Minitorta Blanco X69g,2000.00,Vinos Blancos,alf-minitorta-blanco-x69g,
Alf. Minitorta Coco X70.5g,2000.00,Golosinas,alf-minitorta-coco-x705g,
Alfajor Bon O Bon Mini X6,3500.00,Golosinas,alfajor-bon-o-bon-mini-x6,
Alfajor Chocotorta X71.5g,2000.00,Golosinas,alfajor-chocotorta-x715g,
Alfajor Milka Mouse,2000.00,Golosinas,alfajor-milka-mouse,
Alfajor Milka Oreo,2000.00,Golosinas,alfajor-milka-oreo,
Alfajor Oreo Calsico,2000.00,Golosinas,alfajor-oreo-calsico,
Alfajor Pepitos,2000.00,Golosinas,alfajor-pepitos,
Alfajor Shot,2000.00,Golosinas,alfajor-shot,
Alfajor Tatin Blanco X33g,500.00,Vinos Blancos,alfajor-tatin-blanco-x33g,
Alfajor Tatin Simple Leche X33g,500.00,Golosinas,alfajor-tatin-simple-leche-x33g,
Alfajor Terrabusi Torta,2000.00,Golosinas,alfajor-terrabusi-torta,
Alfajor Terrabusi Triple,2000.00,Golosinas,alfajor-terrabusi-triple,
Alfajor Tofi Triple Blanco X73g,2000.00,Vinos Blancos,alfajor-tofi-triple-blanco-x73g,
Alfajor Tofi Triple Negro X73g,2000.00,Golosinas,alfajor-tofi-triple-negro-x73g,
Alfajor Triple Tatin Blanco X60g,1000.00,Vinos Blancos,alfajor-triple-tatin-blanco-x60g,
Alfajor Triple Tatin Negro X60g,1000.00,Golosinas,alfajor-triple-tatin-negro-x60g,
Alfjor Cofler Block X 60g,2000.00,Golosinas,alfjor-cofler-block-x-60g,
Alma Mora Malbec,6000.00,Vinos Tintos,alma-mora-malbec,
Amargo Obrero,6200.00,Aperitivos,amargo-obrero,https://cdn.jsdelivr.net/gh/USER/toma-images/images/amargo-obrero.jpg
Amarula Coffe Cream 750ml,45000.00,Aperitivos,amarula-coffe-cream-750ml,
Amarula Cream 750ml,45000.00,Aperitivos,amarula-cream-750ml,
Amarula Raspberry Chocolate 750ml,45000.00,Golosinas,amarula-raspberry-chocolate-750ml,
Amarula Vainilla Spice Cream 750ml,45000.00,Aperitivos,amarula-vainilla-spice-cream-750ml,
Amarula Vegan Coconut Based 750ml,45000.00,Aperitivos,amarula-vegan-coconut-based-750ml,
Amor X110g,1500.00,Sin identificar,amor-x110g,
Amstel,2000.00,Cervezas,amstel,https://cdn.jsdelivr.net/gh/USER/toma-images/images/amstel.jpg
Andes Origen Ipa,2600.00,Cervezas,andes-origen-ipa,
Andes Origen Negra 473ml,2200.00,Cervezas,andes-origen-negra-473ml,
Andes Roja 473ml,2600.00,Sin identificar,andes-roja-473ml,
Andes Rubia 473ml,2600.00,Cervezas,andes-rubia-473ml,
Antuan Malbec,6899.85,Vinos Tintos,antuan-malbec,https://cdn.jsdelivr.net/gh/USER/toma-images/images/antuan-malbec.jpg
Aperol 750ml,10700.00,Aperitivos,aperol-750ml,
Aquarius Limonada 1l,3200.00,Jugos,aquarius-limonada-1l,
Aquarius Limonada 500ml,1500.00,Jugos,aquarius-limonada-500ml,
Aquarius Manzana 1l,3000.00,Jugos,aquarius-manzana-1l,
Aquarius Manzana 500ml,1500.00,Jugos,aquarius-manzana-500ml,
Aquarius Naranja 1l,3000.00,Jugos,aquarius-naranja-1l,
Aquarius Naranja 500ml,1500.00,Jugos,aquarius-naranja-500ml,
Aquarius Pera 1l,3200.00,Jugos,aquarius-pera-1l,
Aquarius Pera 500ml,1500.00,Jugos,aquarius-pera-500ml,
Aquarius Pomelo 1l,3200.00,Gaseosas,aquarius-pomelo-1l,
Aquarius Pomelo 500ml,1500.00,Gaseosas,aquarius-pomelo-500ml,
Aquarius Uva 1l,3200.00,Jugos,aquarius-uva-1l,
Aquarius Uva 500ml,1500.00,Jugos,aquarius-uva-500ml,
Azucar Arcor Tipo A 10 X 1kg,1000.00,Snacks,azucar-arcor-tipo-a-10-x-1kg,
Azul Cabernet Sauvignon X750ml,9800.00,Vinos Tintos,azul-cabernet-sauvignon-x750ml,
Azul Chardonnay X750ml,10500.00,Vinos Blancos,azul-chardonnay-x750ml,
Azul El Buscapleitos Ed Limitada Bonarda,16800.00,Vinos Tintos,azul-el-buscapleitos-ed-limitada-bonarda,
Azul Malbec,9100.00,Vinos Tintos,azul-malbec,
Azul Matilda Rose X750ml,14200.18,Vinos Tintos,azul-matilda-rose-x750ml,
Azul Reserva Blend 60% Malbec 40% Cabernet,16800.00,Vinos Tintos,azul-reserva-blend-60-malbec-40-cabernet,
Azul Sauvignon Blanc,10500.00,Vinos Blancos,azul-sauvignon-blanc,
B.J Xeneizes X 750ml,8800.00,Vinos Tintos,bj-xeneizes-x-750ml,
Bag In Box Malbec X3L,26800.00,Vinos Tintos,bag-in-box-malbec-x3l,
Baggio Durazno L,2200.00,Gaseosas,baggio-durazno-l,
Baggio Muliruta 1l,2200.00,Gaseosas,baggio-muliruta-1l,
Baggio Naranja 1l,2200.00,Gaseosas,baggio-naranja-1l,
Barra Cereal Mix Frut/Choc X26g,1500.00,Golosinas,barra-cereal-mix-frutchoc-x26g,
Barra Cereal Mix Pasion Choc X 26g,1500.00,Golosinas,barra-cereal-mix-pasion-choc-x-26g,
Barra Cofler Block 45g,1500.00,Golosinas,barra-cofler-block-45g,
Barra Rockels Chocolate X44g,1500.00,Golosinas,barra-rockels-chocolate-x44g,
Barril Heineken 5l,85000.00,Cervezas,barril-heineken-5l,
Batata Estuche X 500g,2200.00,Snacks,batata-estuche-x-500g,
Beefeater 700ml,28000.00,Gin,beefeater-700ml,
Beefeater Naranja,39000.00,Aperitivos,beefeater-naranja,
Beldent Azul,1000.00,Sin identificar,beldent-azul,
Beldent Negro,1000.00,Sin identificar,beldent-negro,
Beldent Verde,1000.00,Sin identificar,beldent-verde,
Block X 38g,2200.00,Golosinas,block-x-38g,
Blockazo X 1kg,23999.86,Golosinas,blockazo-x-1kg,
Bodega Azul Buscapleito Cabernet Franc,16800.00,Vinos Tintos,bodega-azul-buscapleito-cabernet-franc,
Bolsa De Gomitas,2000.00,Golosinas,bolsa-de-gomitas,
Bolsa De Leña/Carbon,3500.00,Snacks,bolsa-de-lenacarbon,
Bolsa De Masticables,1000.00,Golosinas,bolsa-de-masticables,
Bolsita Butter Toffees Surtidos,1200.00,Golosinas,bolsita-butter-toffees-surtidos,
Bolsita Rellenos Miel,1000.00,Golosinas,bolsita-rellenos-miel,
Bombay 700ml,41000.00,Gin,bombay-700ml,
Bon O Bon Blanco X30 U,500.00,Vinos Blancos,bon-o-bon-blanco-x30-u,
Bon O Bon Leche X 30U,413.22,Golosinas,bon-o-bon-leche-x-30u,
Bonaqua 1.5l,1800.00,Aguas,bonaqua-15l,
Bonaqua 2.5l,2500.00,Aguas,bonaqua-25l,
Bonaqua 500ml,1400.00,Aguas,bonaqua-500ml,
Brahma 473ml,2500.00,Cervezas,brahma-473ml,
Brahma 710ml,3500.00,Cervezas,brahma-710ml,
Branca Menta 750ml,8800.00,Aperitivos,branca-menta-750ml,
Budweiser 473ml,2200.00,Cervezas,budweiser-473ml,
Buhero,8400.00,Aperitivos,buhero,
Butter Toffees Aguila X822g,9500.00,Sin identificar,butter-toffees-aguila-x822g,
Butter Toffees Bon O Bon X822g,9500.00,Golosinas,butter-toffees-bon-o-bon-x822g,
Butter Toffees Chocolate X822g,5369.29,Golosinas,butter-toffees-chocolate-x822g,
Butter Toffees Leche X825g,6796.57,Sin identificar,butter-toffees-leche-x825g,
Callia Malbec X750,4300.00,Vinos Tintos,callia-malbec-x750,
Callia Tardio Dulce X750,3800.00,Vinos Tintos,callia-tardio-dulce-x750,
Callia Tinto Tardio Dulce X750,4000.00,Vinos Tintos,callia-tinto-tardio-dulce-x750,
Campari,11500.00,Aperitivos,campari,https://cdn.jsdelivr.net/gh/USER/toma-images/images/campari.jpg
Carpano Bianco X955,7700.00,Aperitivos,carpano-bianco-x955,
Carpano Rosso,7500.00,Aperitivos,carpano-rosso,https://cdn.jsdelivr.net/gh/USER/toma-images/images/carpano-rosso.jpg
Casillero Del Diablo Malbec X750,5800.00,Vinos Tintos,casillero-del-diablo-malbec-x750,
Caña Legui,5200.11,Aperitivos,cana-legui,
Cepita 1.5l Durazno,3200.00,Jugos,cepita-15l-durazno,
Cepita 1l Naranja,2500.00,Jugos,cepita-1l-naranja,
Cepita Durazno 1l,2500.00,Jugos,cepita-durazno-1l,
Cepita Naranja 1.5l,3400.00,Jugos,cepita-naranja-15l,
Cereal Mix 48% Cacao X33g,1500.00,Sin identificar,cereal-mix-48-cacao-x33g,
Cereal Mix Chocolate X 23g,1500.00,Golosinas,cereal-mix-chocolate-x-23g,
Cereal Mix Manzana Light X 23g,1500.00,Golosinas,cereal-mix-manzana-light-x-23g,
Cereal Mix Original X23g,1000.00,Gin,cereal-mix-original-x23g,
Cereal Mix Yog/ Frutilla Light X 26g,1500.00,Golosinas,cereal-mix-yog-frutilla-light-x-26g,
Cereal Mix Yougurt/Frutilla X 26g,1500.00,Golosinas,cereal-mix-yougurtfrutilla-x-26g,
Chacabuco Chenin,6800.00,Vinos Blancos,chacabuco-chenin,
Champagne Renna Du,5200.00,Vinos Espumantes,champagne-renna-du,
Chandon Extra Brut 375ml,10800.00,Vinos Espumantes,chandon-extra-brut-375ml,
Cheetos Chisitos Superqueso X43g,2000.00,Snacks,cheetos-chisitos-superqueso-x43g,
Cheetos Chisitos Superqueso X85g,3100.00,Snacks,cheetos-chisitos-superqueso-x85g,
Chesterfield Blue Ks Box 12,2600.00,Sin identificar,chesterfield-blue-ks-box-12,
Chesterfield Blue M Ks Sof 20,3600.00,Sin identificar,chesterfield-blue-m-ks-sof-20,
Chesterfield Chered40 Ks Sof 20,3600.00,Sin identificar,chesterfield-chered40-ks-sof-20,
Chesterfield Ks Box 12,2600.00,Sin identificar,chesterfield-ks-box-12,
Chesterfield Purple Box 20 Motion,4100.00,Sin identificar,chesterfield-purple-box-20-motion,
Chisitos,1000.00,Sin identificar,chisitos,
Choc Arcor 50% Cacao X80g,2200.00,Golosinas,choc-arcor-50-cacao-x80g,
Choc Arcor Blanco/Mani X80g,2500.00,Vinos Blancos,choc-arcor-blancomani-x80g,
Choc Arcor Crispy X80g,2500.00,Golosinas,choc-arcor-crispy-x80g,
Choc Arcor Leche/Mani 80g,2500.00,Snacks,choc-arcor-lechemani-80g,
Choc. Hersheys 73% Cacao X 83g,3800.00,Golosinas,choc-hersheys-73-cacao-x-83g,
Choclo Cremoso Arcor X 300g,2200.00,Snacks,choclo-cremoso-arcor-x-300g,
Choclo Entero Arcor X300g,2400.00,Snacks,choclo-entero-arcor-x300g,
Chocolate Blanco X25g,1000.00,Vinos Blancos,chocolate-blanco-x25g,
Chocolate Block X 110g,3000.09,Golosinas,chocolate-block-x-110g,
Chocolate C/ Leche X25g,1000.00,Golosinas,chocolate-c-leche-x25g,
Chocolate Cofler Block X 170g,5200.00,Golosinas,chocolate-cofler-block-x-170g,
Chocolate Tofi Blanco X 27g,1400.00,Vinos Blancos,chocolate-tofi-blanco-x-27g,
Chocolate Tofi Leche X 28g,1400.00,Golosinas,chocolate-tofi-leche-x-28g,
Chocolina 250g,2200.00,Sin identificar,chocolina-250g,
Chocolina X170g,1500.00,Sin identificar,chocolina-x170g,
Chupetin Extreme Duo,400.00,Golosinas,chupetin-extreme-duo,
Cinzano Rosso,9800.00,Aperitivos,cinzano-rosso,https://cdn.jsdelivr.net/gh/USER/toma-images/images/cinzano-rosso.jpg
Cinzano Segundo,9800.00,Sin identificar,cinzano-segundo,https://cdn.jsdelivr.net/gh/USER/toma-images/images/cinzano-segundo.jpg
Ciroc Peach 1l,130000.00,Aperitivos,ciroc-peach-1l,
Ciroc Pineapple 1l,130000.00,Aperitivos,ciroc-pineapple-1l,
Ciroc Red Berry 1l,130000.00,Aperitivos,ciroc-red-berry-1l,
Ciroc Red Berry 750ml,87000.00,Aperitivos,ciroc-red-berry-750ml,
Ciroc Vodka Normal 750ml,70000.00,Vodka,ciroc-vodka-normal-750ml,
Clandestino Malbec,12200.00,Vinos Tintos,clandestino-malbec,
Clandestino Malbec Reserva,14500.00,Vinos Tintos,clandestino-malbec-reserva,
Clfler Block Miti Miti X 170g,6800.00,Golosinas,clfler-block-miti-miti-x-170g,
Coca Cola 1.5 Ls,4000.00,Gaseosas,coca-cola-15-ls,
Coca Cola 2.5 Ls,5500.00,Gaseosas,coca-cola-25-ls,
Coca Cola 500ml,1500.00,Gaseosas,coca-cola-500ml,
Coca Cola Zero 500ml,1500.00,Gaseosas,coca-cola-zero-500ml,
Coca Zero 1.5l,3800.00,Gaseosas,coca-zero-15l,
Codigo,,Sin identificar,codigo,
Cofler Aireado Blanco X 55g,2200.00,Vinos Blancos,cofler-aireado-blanco-x-55g,
Cofler Aireado Blanco/Leche X 55g,2200.00,Vinos Blancos,cofler-aireado-blancoleche-x-55g,
Cofler Blancoycookis X55g,2200.00,Vinos Blancos,cofler-blancoycookis-x55g,
Cofler Block X 300g,11200.00,Golosinas,cofler-block-x-300g,
Cofler Choco Cookies Bañada X 132.8g,2200.00,Sin identificar,cofler-choco-cookies-banada-x-1328g,
Cofler Graffiti Leche X45g,1800.00,Golosinas,cofler-graffiti-leche-x45g,
Cofler Leche/Almendras X 55g,2200.00,Golosinas,cofler-lechealmendras-x-55g,
Cofler Relleno Avellana X35g,1600.00,Golosinas,cofler-relleno-avellana-x35g,
Cofler Relleno Ddl/Leche X38g,2000.00,Golosinas,cofler-relleno-ddlleche-x38g,
Cofler Yogur/Frutilla X35g,1600.00,Golosinas,cofler-yogurfrutilla-x35g,
Coflre Aireado Almendras X 55g,2400.00,Golosinas,coflre-aireado-almendras-x-55g,
Coflre Aireado Bon O Bon X67g,2500.00,Golosinas,coflre-aireado-bon-o-bon-x67g,
Coflre Aireado Leche X 55g,2400.00,Golosinas,coflre-aireado-leche-x-55g,
Coflre Leche C/ Rocklets,2200.00,Golosinas,coflre-leche-c-rocklets,
Coflre Leche X 55g,2200.00,Golosinas,coflre-leche-x-55g,
Coflre Leche/Frutilla X 64g,2200.00,Golosinas,coflre-lechefrutilla-x-64g,
Colmillos Halloween,1200.00,Sin identificar,colmillos-halloween,
Coquitas X177g,1800.00,Sin identificar,coquitas-x177g,
Cordero Con Piel De Lobo Cabernet,6200.00,Vinos Tintos,cordero-con-piel-de-lobo-cabernet,
Cordero Con Piel De Lobo Malbec,6200.00,Vinos Tintos,cordero-con-piel-de-lobo-malbec,
Cordero Piel De Lobo Blanco Dulce,6400.00,Vinos Blancos,cordero-piel-de-lobo-blanco-dulce,
Cordoba 473ml,1400.00,Cervezas,cordoba-473ml,
Corona 330ml,3500.00,Cervezas,corona-330ml,
Corona 330ml 0.0,2800.00,Cervezas,corona-330ml-00,
Corona 710ml,5200.00,Cervezas,corona-710ml,
Criollitas Original X 100g,1000.00,Gin,criollitas-original-x-100g,
Cubanito Avellanas 16 X 29g,1000.00,Golosinas,cubanito-avellanas-16-x-29g,
Cubanito Dark 16X29,1000.00,Golosinas,cubanito-dark-16x29,
Cubanitos Leche 16 X 29g,1000.00,Golosinas,cubanitos-leche-16-x-29g,
Devolucion,0.10,Sin identificar,devolucion,
Dientes Mogul 10 X 50g,1000.00,Golosinas,dientes-mogul-10-x-50g,
Dilema Day Chardonnay,3600.00,Vinos Blancos,dilema-day-chardonnay,
Don Nadie Malbec,8200.00,Vinos Tintos,don-nadie-malbec,
Doritos Sweet Chili X74g,3100.00,Snacks,doritos-sweet-chili-x74g,
Doritos X40g,2000.00,Snacks,doritos-x40g,
Doritos X77g,3100.00,Snacks,doritos-x77g,
Dr Lemon,4400.00,Sin identificar,dr-lemon,https://cdn.jsdelivr.net/gh/USER/toma-images/images/dr-lemon.jpg
Dr Lemon Spicy 473ml,2000.00,Aperitivos,dr-lemon-spicy-473ml,
Dr Lemon Vodka 1l,4400.00,Vodka,dr-lemon-vodka-1l,
Dr Lemon Vodka 473ml,2600.00,Vodka,dr-lemon-vodka-473ml,
Dv Catena Cabernet - Malbec X750,15800.00,Vinos Tintos,dv-catena-cabernet-malbec-x750,
Elfbar 15000 Puff,22000.00,Sin identificar,elfbar-15000-puff,
Elfbar 30K,28000.00,Sin identificar,elfbar-30k,
Elfbar Ice King 40K,30000.00,Sin identificar,elfbar-ice-king-40k,
Emilia Cocktail Clarea,8900.00,Sin identificar,emilia-cocktail-clarea,
Emilia Cocktail Rose,8900.00,Vinos Tintos,emilia-cocktail-rose,
Emilia Cocktail Sangria,8900.00,Vinos Tintos,emilia-cocktail-sangria,
Emilia Cocktail Spritz,8900.00,Vinos Tintos,emilia-cocktail-spritz,
Emilia Dulce Natural Moscatel X750,7200.00,Vinos Tintos,emilia-dulce-natural-moscatel-x750,
Empanada Arabe X6,9000.00,Sin identificar,empanada-arabe-x6,
Empanada De Acelga X6,8500.00,Sin identificar,empanada-de-acelga-x6,
Empanada De Carne X6,10000.00,Sin identificar,empanada-de-carne-x6,
Empanada De Cebolla X6,8500.00,Sin identificar,empanada-de-cebolla-x6,
Empanada De Choclo X6,8500.00,Sin identificar,empanada-de-choclo-x6,
Empanada De Pollo X6,11000.00,Sin identificar,empanada-de-pollo-x6,
Empanada Jamon Y Queso X6,10000.00,Sin identificar,empanada-jamon-y-queso-x6,
Encendedor Candela,600.00,Sin identificar,encendedor-candela,
Encendedor Maxi Bic,1500.00,Sin identificar,encendedor-maxi-bic,
Encendedor Mini Bic,1500.00,Sin identificar,encendedor-mini-bic,
Ensalada De Frutas,3000.00,Golosinas,ensalada-de-frutas,
Espum Baron B Extra Brut,38000.00,Vinos Espumantes,espum-baron-b-extra-brut,
Espum Chandon Extra Brut X750,18000.00,Vinos Espumantes,espum-chandon-extra-brut-x750,
Espum. Chandon Delice X750,16700.00,Vinos Espumantes,espum-chandon-delice-x750,
Espum. Las Perdices Dulce Sweety,8900.00,Vinos Espumantes,espum-las-perdices-dulce-sweety,
Espum. Las Perdices Extra Brut,9900.00,Vinos Espumantes,espum-las-perdices-extra-brut,
Espum. Mercier Dulce X750,9800.00,Vinos Espumantes,espum-mercier-dulce-x750,
Espum. Salentein Doux X750,13200.00,Vinos Espumantes,espum-salentein-doux-x750,
Espum. Salentein Extra Brut,13200.00,Vinos Espumantes,espum-salentein-extra-brut,
Etico Malbec,6500.00,Vinos Tintos,etico-malbec,
Fabre Assemblage Mb/Cf,10400.00,Vinos Tintos,fabre-assemblage-mbcf,
"Fabre M, Classic Malbec X750",8700.00,Vinos Tintos,fabre-m-classic-malbec-x750,
Fabre M. Cabernet,6500.00,Vinos Tintos,fabre-m-cabernet,
Fabre M. Terruño Malbec X750ml,12300.00,Vinos Tintos,fabre-m-terruno-malbec-x750ml,
Fabre Terruño Reserva Cabernet Franc,13500.00,Vinos Tintos,fabre-terruno-reserva-cabernet-franc,
Fam. Carbonero Blend De Blancas,6600.00,Vinos Tintos,fam-carbonero-blend-de-blancas,
Fam. Carbonero Estate Cabernet,7800.00,Vinos Tintos,fam-carbonero-estate-cabernet,
Fam. Carbonero Estate Malbec,7800.00,Vinos Tintos,fam-carbonero-estate-malbec,
Fam. Carbonero Reserva Malbec Organico,10900.00,Vinos Tintos,fam-carbonero-reserva-malbec-organico,
Familia Giacometti Malbec,5500.00,Vinos Tintos,familia-giacometti-malbec,
Familia Giacometti Malbec Roble,6500.00,Vinos Tintos,familia-giacometti-malbec-roble,
Familia Giacommetti Cabernet,5500.00,Vinos Tintos,familia-giacommetti-cabernet,
Fanta 1.5l,3300.00,Gaseosas,fanta-15l,
Fanta 500ml,1500.00,Gaseosas,fanta-500ml,
Fanta Lata,1300.00,Gaseosas,fanta-lata,
Federhaus Cabernet Sauvignon,15500.00,Vinos Tintos,federhaus-cabernet-sauvignon,
Federhaus Petit Verdot,15500.00,Vinos Tintos,federhaus-petit-verdot,
Federhaus Reserve Chardonnay,15500.00,Vinos Blancos,federhaus-reserve-chardonnay,
Federhaus Reserve Malbec,15500.00,Vinos Tintos,federhaus-reserve-malbec,
Federhaus Signature Bonarda,8200.00,Vinos Tintos,federhaus-signature-bonarda,
Federhaus Torrontes,8200.00,Vinos Blancos,federhaus-torrontes,
Fernet Branca 750ml,16500.00,Fernet,fernet-branca-750ml,
Fernet Branca Edicion Limitada 750ml,14500.00,Fernet,fernet-branca-edicion-limitada-750ml,
Fernet Branca X1000,18900.00,Fernet,fernet-branca-x1000,
Fernet Branca X450,10500.23,Fernet,fernet-branca-x450,
Fernet Vittone Speciale 750ml,6000.00,Fernet,fernet-vittone-speciale-750ml,
Fideos Arcor Spaghetti 500g,1800.00,Snacks,fideos-arcor-spaghetti-500g,
Fideos Codito Arcor X500g,1600.00,Snacks,fideos-codito-arcor-x500g,
Fideos Mostachol Arcor X500g,1600.00,Snacks,fideos-mostachol-arcor-x500g,
Fideos Tallarin Arcor X500g,1600.00,Snacks,fideos-tallarin-arcor-x500g,
Fideos Tirabuzon Arcor X500g,1600.00,Snacks,fideos-tirabuzon-arcor-x500g,
Filc S Menta 12 X 17g,600.00,Sin identificar,filc-s-menta-12-x-17g,
Filro Fozz Slim,2500.00,Sin identificar,filro-fozz-slim,
Finca Las Moras,4500.00,Vinos Tintos,finca-las-moras,
Finjamos Demencia Corte De Tintas X750,4800.00,Vinos Tintos,finjamos-demencia-corte-de-tintas-x750,
Finjamos Demencia Malbec X750,4800.00,Vinos Tintos,finjamos-demencia-malbec-x750,
Flia Gascon Dulce Natural,6200.00,Vinos Tintos,flia-gascon-dulce-natural,
Flic S Tutti Frutti 12 X 17g,800.00,Golosinas,flic-s-tutti-frutti-12-x-17g,
Flichman Estate Malbec X750,6800.00,Vinos Tintos,flichman-estate-malbec-x750,
Formis Nueva Cho/Ddl X 102g,1500.00,Sin identificar,formis-nueva-choddl-x-102g,
Formis Nueva Cho/Ddl X72g,1000.00,Sin identificar,formis-nueva-choddl-x72g,
Formis Nueva Vai/Choc X72g,1000.00,Sin identificar,formis-nueva-vaichoc-x72g,
Formis Nueva Vai/Fru X72g,1000.00,Sin identificar,formis-nueva-vaifru-x72g,
Formis Vai/Chocolate X 102g,1500.00,Golosinas,formis-vaichocolate-x-102g,
Formis Vai/Frutilla X 102g,1500.00,Sin identificar,formis-vaifrutilla-x-102g,
G11828,790.00,Golosinas,g11828,
G11878,948.00,Golosinas,g11878,
Gajitos X485g,6000.00,Golosinas,gajitos-x485g,
Gall Cereal Mix C/ Cacao 150g,2500.00,Sin identificar,gall-cereal-mix-c-cacao-150g,
Gall Cereal Mix Frutilla 150g,2500.00,Sin identificar,gall-cereal-mix-frutilla-150g,
Gall Rumba X110g,1200.00,Sin identificar,gall-rumba-x110g,
Gall. Cereal Mix Ave/Choc X270g,2500.00,Sin identificar,gall-cereal-mix-avechoc-x270g,
Gall. Cereal Mix Avena/Pasas X207g,2500.00,Sin identificar,gall-cereal-mix-avenapasas-x207g,
Gall. Cereal Mix Fru/Chia X207g,2500.00,Sin identificar,gall-cereal-mix-fruchia-x207g,
Gall. Cereal Mix Sem/Chips X207g,2500.00,Sin identificar,gall-cereal-mix-semchips-x207g,
Galletas Cofler X 120g,1500.00,Snacks,galletas-cofler-x-120g,
Galletitas Block X 124g,1500.00,Sin identificar,galletitas-block-x-124g,
Galletitas Rocklets X 118g,1500.00,Sin identificar,galletitas-rocklets-x-118g,
Gancia 473ml,3000.00,Aperitivos,gancia-473ml,
Gancia 950ml,8600.00,Aperitivos,gancia-950ml,
Gancia Americano Cero 473ml,2600.00,Aperitivos,gancia-americano-cero-473ml,
Gancia Hibiscus 473ml,2900.00,Aperitivos,gancia-hibiscus-473ml,
Gancia Prem,11000.00,Sin identificar,gancia-prem,
Garbanzos Arcor X 300g,2000.00,Snacks,garbanzos-arcor-x-300g,
"Gatorade Azul 1,25 Ls",4200.00,Gaseosas,gatorade-azul-125-ls,
Gatorade Azul 500ml,3000.00,Gaseosas,gatorade-azul-500ml,
"Gatorade Manzana 1,25 Ls",4200.00,Gaseosas,gatorade-manzana-125-ls,
Gatorade Manzana 500ml,2500.00,Gaseosas,gatorade-manzana-500ml,
"Gatorade Naranja 1,25 Ls",4200.00,Gaseosas,gatorade-naranja-125-ls,
"Gatorade Roja 1,25 Ls",4200.00,Gaseosas,gatorade-roja-125-ls,
Gatorade Rojo 500ml,3000.00,Gaseosas,gatorade-rojo-500ml,
Gin Aconcagua Azul 750ml,20500.00,Gin,gin-aconcagua-azul-750ml,
Gin Aconcagua Lime 750ml,23700.00,Gin,gin-aconcagua-lime-750ml,
Gin Heredero 750,15200.04,Gin,gin-heredero-750,
Gin La Mignon Blue,18900.00,Gin,gin-la-mignon-blue,
Gin La Mignon Mediterranean,18900.00,Gin,gin-la-mignon-mediterranean,
Gin La Mignon Orange,18900.00,Gin,gin-la-mignon-orange,
Gin La Mignon Pink,18900.00,Gin,gin-la-mignon-pink,
Gin Merle London Dry River Plate 750ml Negro,21100.00,Gin,gin-merle-london-dry-river-plate-750ml-negro,
Gin Spirito Blu 700ml,16000.00,Gin,gin-spirito-blu-700ml,
Ginebra Llave Black,13800.00,Gin,ginebra-llave-black,
Gomas Mogul Cerebritos,1000.00,Golosinas,gomas-mogul-cerebritos,
Gomas Mogul Dientes X500g,6000.00,Golosinas,gomas-mogul-dientes-x500g,
Gomas Mogul Moras X500g,6000.00,Golosinas,gomas-mogul-moras-x500g,
Gomas Mogul Ositos 12 X 30g,1000.00,Golosinas,gomas-mogul-ositos-12-x-30g,
Gomas Mogul Tiburon 12 X 30g,1000.00,Golosinas,gomas-mogul-tiburon-12-x-30g,
Gomas Mogul Viboritas 12U,1000.00,Golosinas,gomas-mogul-viboritas-12u,
Gordo Motoneta,4900.00,Vinos Tintos,gordo-motoneta,
Gordons,12800.00,Aperitivos,gordons,
Grey Goose Vodka 1l,109900.00,Vodka,grey-goose-vodka-1l,
Gulero,2000.00,Golosinas,gulero,
Gusanitos Halloween,1200.00,Golosinas,gusanitos-halloween,
Havana 3 Años 750ml (Blanco),18500.00,Vinos Blancos,havana-3-anos-750ml-blanco,
Heineken 473ml,3500.00,Cervezas,heineken-473ml,
Heineken 710ml,5000.00,Cervezas,heineken-710ml,
Heineken Porron 330ml,3200.00,Cervezas,heineken-porron-330ml,
Hielo 1.5kg,2000.00,Hielo,hielo-15kg,
Hielo 3kg,3500.00,Hielo,hielo-3kg,
Hodmoser,26400.00,Aperitivos,hodmoser,
Hogareña 7 Semillas X 189g,1400.00,Sin identificar,hogarena-7-semillas-x-189g,
Hogareña Mix Cereales X189g,1400.00,Sin identificar,hogarena-mix-cereales-x189g,
Hogareña Salvado X 200g,1400.00,Sin identificar,hogarena-salvado-x-200g,
Hogareña Sesamo X167g,1400.00,Sin identificar,hogarena-sesamo-x167g,
Ignite V155 ULra Slim,28000.00,Sin identificar,ignite-v155-ulra-slim,
Imperial Golden 473ml,2500.00,Cervezas,imperial-golden-473ml,
Imperial Ipa 473ml,2200.00,Cervezas,imperial-ipa-473ml,
Jack Daniels Tennessee 1l,65000.00,Whisky,jack-daniels-tennessee-1l,
Jack Daniels Tennessee Apple 1l,65000.00,Whisky,jack-daniels-tennessee-apple-1l,
Jack Daniels Tennessee Fire 1l,65000.00,Whisky,jack-daniels-tennessee-fire-1l,
Jack Daniels Tennessee Honey 1l,65000.00,Whisky,jack-daniels-tennessee-honey-1l,
Jaggermeister,40000.00,Aperitivos,jaggermeister,
Jameson,32000.00,Aperitivos,jameson,https://cdn.jsdelivr.net/gh/USER/toma-images/images/jameson.jpg
Jelly Beans Halloween,1200.00,Golosinas,jelly-beans-halloween,
Johnnie Walker Gold Label Reserve 750ml,110500.00,Whisky,johnnie-walker-gold-label-reserve-750ml,
Johnnie Walker Red Label 1l,50000.00,Whisky,johnnie-walker-red-label-1l,
Johnnie Walker Ulimate 18Años 750ml,247000.00,Whisky,johnnie-walker-ulimate-18anos-750ml,
Johnny Walker Black 12 Años 1l,55000.00,Aperitivos,johnny-walker-black-12-anos-1l,
Johnny Walker Double Black 1l,109000.00,Aperitivos,johnny-walker-double-black-1l,
Jugo En Polvo Arcor 3 Frutas 18 X 15g,413.22,Jugos,jugo-en-polvo-arcor-3-frutas-18-x-15g,
Jugo En Polvo Arcor Anana 18 X 15g,500.00,Jugos,jugo-en-polvo-arcor-anana-18-x-15g,
Jugo En Polvo Arcor Banana/Naranja 18 X 15g,500.00,Jugos,jugo-en-polvo-arcor-banananaranja-18-x-15g,
Jugo En Polvo Arcor Durazno 18 X 15g,500.00,Jugos,jugo-en-polvo-arcor-durazno-18-x-15g,
Jugo En Polvo Arcor Limonada 18 X 15g,500.00,Jugos,jugo-en-polvo-arcor-limonada-18-x-15g,
Jugo En Polvo Arcor Manzan,500.00,Jugos,jugo-en-polvo-arcor-manzan,
Jugo En Polvo Arcor Mulifruta 18 X 15g,500.00,Jugos,jugo-en-polvo-arcor-mulifruta-18-x-15g,
Jugo En Polvo Arcor Naran 18 X 15g,500.00,Jugos,jugo-en-polvo-arcor-naran-18-x-15g,
Jugo En Polvo Arcor Naranja Dulce 18 X 15g,500.00,Jugos,jugo-en-polvo-arcor-naranja-dulce-18-x-15g,
Jugo En Polvo Arcor Naranja/Durazno 18 X 15g,500.00,Jugos,jugo-en-polvo-arcor-naranjadurazno-18-x-15g,
Jugo En Polvo Arcor Naranja/Mango 18X15g,500.00,Jugos,jugo-en-polvo-arcor-naranjamango-18x15g,
Jugo En Polvo Arcor Pomelo Rosado 18X15g,500.00,Gaseosas,jugo-en-polvo-arcor-pomelo-rosado-18x15g,
Kesitas Estuche X125g,2000.00,Snacks,kesitas-estuche-x125g,
Kesitas Grande X 75g,1600.00,Sin identificar,kesitas-grande-x-75g,
Killka Salentein Malbec X750,7600.00,Vinos Tintos,killka-salentein-malbec-x750,
Killka Salentein Sauvignon Blanc X750,7200.00,Vinos Blancos,killka-salentein-sauvignon-blanc-x750,
La Linda Malbec X750,10200.00,Vinos Tintos,la-linda-malbec-x750,
Las Perdices Cabernet Sauv X750,7800.00,Vinos Tintos,las-perdices-cabernet-sauv-x750,
Las Perdices Malbec X750,8400.00,Vinos Tintos,las-perdices-malbec-x750,
Las Perdices Partrigde Box Malbec 3l,18500.00,Vinos Tintos,las-perdices-partrigde-box-malbec-3l,
Las Perdices Partrigde Dulce X750,5400.00,Vinos Tintos,las-perdices-partrigde-dulce-x750,
Las Perdices Partrigde Malbec X750,6200.00,Vinos Tintos,las-perdices-partrigde-malbec-x750,
Las Perdices Partrigde Red Blend X750,5800.00,Vinos Tintos,las-perdices-partrigde-red-blend-x750,
Las Perdices Torrontes Dulce X750,8300.00,Vinos Blancos,las-perdices-torrontes-dulce-x750,
Lata Coca Cola,1300.00,Gaseosas,lata-coca-cola,
Lata Coca Cola Zero,1300.00,Gaseosas,lata-coca-cola-zero,
Lata Mirinda,1300.00,Gaseosas,lata-mirinda,
Lata Pepsi,1300.00,Gaseosas,lata-pepsi,
Latitud 33 Cabernet Sauv X750,6800.00,Vinos Tintos,latitud-33-cabernet-sauv-x750,
Latitud 33 Malbec X750,6800.00,Vinos Tintos,latitud-33-malbec-x750,
Laureano Gomez Terroir Blend,17500.00,Vinos Tintos,laureano-gomez-terroir-blend,
Laureano Gomez Terroir Malbec,17500.00,Vinos Tintos,laureano-gomez-terroir-malbec,
Laureano Gomez Terroir Merlot,17500.00,Vinos Tintos,laureano-gomez-terroir-merlot,
Laureano Gomez Terroir Pinot Noir,17500.00,Vinos Tintos,laureano-gomez-terroir-pinot-noir,
Lemon Pie,5500.00,Sin identificar,lemon-pie,
Lengua Max Mogul 24 X 15g,1000.00,Golosinas,lengua-max-mogul-24-x-15g,
Lentejas Arcor X 300g,1400.00,Sin identificar,lentejas-arcor-x-300g,
Leña,2500.00,Sin identificar,lena,
Licor Borghetti X 700ml,11800.00,Aperitivos,licor-borghetti-x-700ml,
Lopez Dulde Natural,5900.00,Vinos Tintos,lopez-dulde-natural,
Lotza Fizz X48U,400.00,Sin identificar,lotza-fizz-x48u,
Luigi Bosca Cabernet Sauv X750,15600.00,Vinos Tintos,luigi-bosca-cabernet-sauv-x750,
Luigi Bosca Malbec X750,16000.00,Vinos Tintos,luigi-bosca-malbec-x750,
Malboro Crafted Coral Ks Box 20,3200.00,Sin identificar,malboro-crafted-coral-ks-box-20,
Malboro Crafted Forward Ks Sof 2,3200.00,Sin identificar,malboro-crafted-forward-ks-sof-2,
Malboro Crafted Red Ks Sof 20,3200.00,Sin identificar,malboro-crafted-red-ks-sof-20,
Malboro Red Ks Box 12,3300.00,Sin identificar,malboro-red-ks-box-12,
Malboro Red Ks Box 20,5200.00,Sin identificar,malboro-red-ks-box-20,
Malboro Red Ks Sof,4800.00,Sin identificar,malboro-red-ks-sof,
Malibu 750ml,21500.00,Aperitivos,malibu-750ml,
Mana Rellena Chocolate X145g,1500.00,Golosinas,mana-rellena-chocolate-x145g,
Mana Rellena Frutilla X 145g,1500.00,Sin identificar,mana-rellena-frutilla-x-145g,
Mana Rellena Limon X152g,1500.00,Sin identificar,mana-rellena-limon-x152g,
Mana Rellena Vainilla X 145g,1500.00,Sin identificar,mana-rellena-vainilla-x-145g,
Mana Vainilla X 136g,1000.00,Sin identificar,mana-vainilla-x-136g,
Mani C/ Chocolate Block X40g,2000.00,Snacks,mani-c-chocolate-block-x40g,
Mani Crocante El Nono,800.00,Snacks,mani-crocante-el-nono,
Mani King Frito Con Sal 100g,1500.00,Snacks,mani-king-frito-con-sal-100g,
Mani King Pasta De Mani X485g,3500.00,Snacks,mani-king-pasta-de-mani-x485g,
Mani King Tostado Sin Sal X100g,1000.00,Snacks,mani-king-tostado-sin-sal-x100g,
Mani Pelado El Nono,800.00,Snacks,mani-pelado-el-nono,
Maniking Cheff Crema Y Cebolla X80g,1500.00,Snacks,maniking-cheff-crema-y-cebolla-x80g,
Maniking Cheff Limon Y Pimienta X80g,1500.00,Snacks,maniking-cheff-limon-y-pimienta-x80g,
Maniking Cheff Panceta X80g,1500.00,Snacks,maniking-cheff-panceta-x80g,
Maniking Con Sal Doy Pack X350g,3500.00,Snacks,maniking-con-sal-doy-pack-x350g,
Maniking Pasta De Mani X245g,2800.00,Snacks,maniking-pasta-de-mani-x245g,
Maniking Peanut Jamon X80g,1500.00,Snacks,maniking-peanut-jamon-x80g,
Maniking Peanut Pizza X80g,1500.00,Snacks,maniking-peanut-pizza-x80g,
Maniking Peanut Queso X80g,1200.00,Snacks,maniking-peanut-queso-x80g,
Maniking Tost. C/ Cascara X400g,3000.00,Snacks,maniking-tost-c-cascara-x400g,
Martini Dry,12800.15,Aperitivos,martini-dry,
Masti Confitados 16 X 30g,1200.00,Golosinas,masti-confitados-16-x-30g,
Masti Confitados Extreme 16 X 30g,1200.00,Golosinas,masti-confitados-extreme-16-x-30g,
Masti Roll Tutti Frutti 24X 13g,500.00,Golosinas,masti-roll-tutti-frutti-24x-13g,
Masticable Fruta Arcor X800g (242 U),7000.00,Sin identificar,masticable-fruta-arcor-x800g-242-u,
Mayonesa Bc X 250ml,1500.00,Sin identificar,mayonesa-bc-x-250ml,
Melitas X159g,1600.00,Sin identificar,melitas-x159g,
Mellizas X 110g,1200.00,Sin identificar,mellizas-x-110g,
Membrillo Estuche X500g,2800.00,Sin identificar,membrillo-estuche-x500g,
Menta Chocolate X 715g,8716.40,Golosinas,menta-chocolate-x-715g,
Mentha Cristal X822g,7533.46,Sin identificar,mentha-cristal-x822g,
Mentho Plus Cereza 29.4g,700.00,Golosinas,mentho-plus-cereza-294g,
Mentho Plus Frio Cherry,1000.00,Golosinas,mentho-plus-frio-cherry,
Mentho Plus Menta 29.4g,700.00,Golosinas,mentho-plus-menta-294g,
Mentho Plus Menthol 29.4g,700.00,Golosinas,mentho-plus-menthol-294g,
Mentho Plus Miel 29.4g,700.00,Golosinas,mentho-plus-miel-294g,
Mentho Plus Mix Berries,2000.00,Golosinas,mentho-plus-mix-berries,
Mentho Plus S/A Cherry 12 X 27.7g,1000.00,Golosinas,mentho-plus-sa-cherry-12-x-277g,
Mentho Plus S/A Durazno 12,1000.00,Golosinas,mentho-plus-sa-durazno-12,
Mentho Plus S/A Mentol 12,1000.00,Golosinas,mentho-plus-sa-mentol-12,
Mentho Plus S/A Strong 12 X 26.6,1000.00,Sin identificar,mentho-plus-sa-strong-12-x-266,
Mentho Plus S/A Strong 26g,1000.00,Golosinas,mentho-plus-sa-strong-26g,
Mentho Plus Strong 29.4g,700.00,Golosinas,mentho-plus-strong-294g,
Merengadas X 88g,1200.00,Sin identificar,merengadas-x-88g,
Merle Gin Pink 750ml,13000.00,Gin,merle-gin-pink-750ml,
Merle London Dry River Plate 750ml Blanco,21100.00,Vinos Blancos,merle-london-dry-river-plate-750ml-blanco,
Merm Durazno Arcor X454g,2800.00,Sin identificar,merm-durazno-arcor-x454g,
Merm Light Arcor Durazno +F X390g,3000.00,Sin identificar,merm-light-arcor-durazno-f-x390g,
Merm Light Arcor Naranja +F X390g,3000.00,Sin identificar,merm-light-arcor-naranja-f-x390g,
Mermelada Naranja Arcor X454g,2800.00,Sin identificar,mermelada-naranja-arcor-x454g,
Mestizo Blend De,8900.00,Aperitivos,mestizo-blend-de,
Mestizo Epic Flame,8900.00,Aperitivos,mestizo-epic-flame,
Mestizo Malbec,8900.00,Vinos Tintos,mestizo-malbec,https://cdn.jsdelivr.net/gh/USER/toma-images/images/mestizo-malbec.jpg
Miga X3,3800.00,Sin identificar,miga-x3,
Miga X3 Jamon Crudo,5500.00,Sin identificar,miga-x3-jamon-crudo,
Miga X6,6500.00,Sin identificar,miga-x6,
Milka Dulde De Leche,2000.00,Golosinas,milka-dulde-de-leche,
Mister Evolution Cherry 24 X 18g,400.00,Sin identificar,mister-evolution-cherry-24-x-18g,
Mister Pop Evolution Blueberry 24 X 18g,400.00,Sin identificar,mister-pop-evolution-blueberry-24-x-18g,
Misterio Cabernet X750,4200.00,Vinos Tintos,misterio-cabernet-x750,
Misterio Dulce Natural X750,4200.00,Vinos Tintos,misterio-dulce-natural-x750,
Misterio Malbec X750,4200.00,Vinos Tintos,misterio-malbec-x750,
Mogul Anillos X 1kg,6630.80,Golosinas,mogul-anillos-x-1kg,
Mogul Bananitas 12 X 30g,1000.00,Golosinas,mogul-bananitas-12-x-30g,
Mogul Extreme Rock 10 X 45g,1200.00,Golosinas,mogul-extreme-rock-10-x-45g,
Mogul Frutal 10 X 50g,1400.00,Golosinas,mogul-frutal-10-x-50g,
Mogul Jelly Beans 10 X 50g,1200.00,Golosinas,mogul-jelly-beans-10-x-50g,
Mogul Oso Extreme 10 X 50g,1200.00,Golosinas,mogul-oso-extreme-10-x-50g,
Mogul Oso Extreme X80g,2420.12,Golosinas,mogul-oso-extreme-x80g,
Mogul Piecitos 12 X 30g,1000.00,Golosinas,mogul-piecitos-12-x-30g,
Mogul Sandia Extreme,1200.00,Golosinas,mogul-sandia-extreme,
Mogul Twist Max Blueberry 24 X 25g,1000.00,Golosinas,mogul-twist-max-blueberry-24-x-25g,
Monster Blanco,3000.00,Vinos Blancos,monster-blanco,
Monster Chicle,3000.00,Energizantes,monster-chicle,
Monster Clasico,3000.00,Energizantes,monster-clasico,
Monster Mango,3000.00,Energizantes,monster-mango,
Monster Naranja,3000.00,Energizantes,monster-naranja,
Monster Sandia,3000.00,Energizantes,monster-sandia,
Moustrito,1000.00,Golosinas,moustrito,
Naipe Cartas Españolas,2500.00,Sin identificar,naipe-cartas-espanolas,
Naipes Casino,3500.00,Sin identificar,naipes-casino,
Nampe Malbec,3800.00,Vinos Tintos,nampe-malbec,
Naufrago,4200.00,Vinos Tintos,naufrago,
Nicasia Red Blanc Mlabec X750,10200.00,Vinos Tintos,nicasia-red-blanc-mlabec-x750,
Nordico Gin,15500.00,Gin,nordico-gin,
Oblea Blanca Bon O Bon 20X30g,800.00,Golosinas,oblea-blanca-bon-o-bon-20x30g,
Oblea Bon O Bon Leche 20 X 30g,800.00,Golosinas,oblea-bon-o-bon-leche-20-x-30g,
Ocb Blanco,1000.00,Vinos Blancos,ocb-blanco,
Ocb Negro,1300.00,Sin identificar,ocb-negro,
Ocb Orgánico,1300.00,Sin identificar,ocb-organico,
Ojitos Halloween,1200.00,Sin identificar,ojitos-halloween,
Opera Simple X92g,1400.00,Sin identificar,opera-simple-x92g,
Opera X55g,800.00,Sin identificar,opera-x55g,
Oreo 118g,2000.00,Sin identificar,oreo-118g,
Oreo Golden,2000.00,Sin identificar,oreo-golden,
Ortuzar Golden,2800.00,Cervezas,ortuzar-golden,https://cdn.jsdelivr.net/gh/USER/toma-images/images/ortuzar-golden.jpg
Ortuzar Honey,2800.00,Cervezas,ortuzar-honey,
Ortuzar Ipa,2800.00,Cervezas,ortuzar-ipa,
Ortuzar Lager,2000.02,Cervezas,ortuzar-lager,
Ortuzar Negra,2800.00,Cervezas,ortuzar-negra,
Ortuzar Scottish,2800.00,Cervezas,ortuzar-scottish,
Otro Loco Mas,4900.00,Vinos Tintos,otro-loco-mas,https://cdn.jsdelivr.net/gh/USER/toma-images/images/otro-loco-mas.jpg
Otro Loco Mas Blanco Dulce,5600.00,Vinos Blancos,otro-loco-mas-blanco-dulce,
Palitos,1000.00,Snacks,palitos,
Pan Arabe,3900.00,Sin identificar,pan-arabe,
Papas Boutique,2800.00,Snacks,papas-boutique,
Papas Lays Clasicas X40g,2000.00,Snacks,papas-lays-clasicas-x40g,
Papas Lays Clasicas X85g,3100.00,Snacks,papas-lays-clasicas-x85g,
Papas Lays Queso Y Cebolla X77g,3100.00,Snacks,papas-lays-queso-y-cebolla-x77g,
Papas Lays Serrano X77g,3100.00,Snacks,papas-lays-serrano-x77g,
Papas Tafi,2600.00,Snacks,papas-tafi,
Parliament Blue Ks Rcb 20,5800.00,Sin identificar,parliament-blue-ks-rcb-20,
Paso De Los Toros 500ml,1500.00,Gaseosas,paso-de-los-toros-500ml,
Paso De Los Toros Pomelo 1.5 Ls,3600.00,Gaseosas,paso-de-los-toros-pomelo-15-ls,
Paso De Los Toros Pomelo 269ml,1100.00,Gaseosas,paso-de-los-toros-pomelo-269ml,
Paso De Los Toros Tonica 1.5 Ls,3600.00,Gaseosas,paso-de-los-toros-tonica-15-ls,
Paso De Los Toros Tonica Zero 1.5l,3500.00,Gaseosas,paso-de-los-toros-tonica-zero-15l,
Patagonia 710ml 24.7,5800.00,Cervezas,patagonia-710ml-247,
Patagonia Amber Lager 730ml,5800.00,Cervezas,patagonia-amber-lager-730ml,
Patagonia Lager Del Sur 730ml,5800.00,Cervezas,patagonia-lager-del-sur-730ml,
Patagonia Vera Ipa 730ml,5800.00,Cervezas,patagonia-vera-ipa-730ml,
Pebete,2000.00,Sin identificar,pebete,
Pebete Jamon Crudo,3200.00,Sin identificar,pebete-jamon-crudo,
Pebeton,2200.00,Sin identificar,pebeton,
Pep Rueditas Pizza X40g,1400.00,Snacks,pep-rueditas-pizza-x40g,
Pepas Arcor,1500.00,Sin identificar,pepas-arcor,
Pepsi 1.5l,3800.00,Gaseosas,pepsi-15l,
Pepsi 2l,2000.00,Gaseosas,pepsi-2l,
Pepsi 500ml,1500.00,Gaseosas,pepsi-500ml,
Philip Morris Original Ks 20,4500.00,Gin,philip-morris-original-ks-20,
Philips Morris Box 12 Blue Spin,3400.00,Sin identificar,philips-morris-box-12-blue-spin,
Philips Morris Box 20 Blue Spin,5200.00,Sin identificar,philips-morris-box-20-blue-spin,
Philips Morris Original Ks Box 12,2900.00,Gin,philips-morris-original-ks-box-12,
Pila Enegizer Aaa,1500.00,Sin identificar,pila-enegizer-aaa,
Pila Energizer Aa,1500.01,Energizantes,pila-energizer-aa,
Pizza 4 Quesos Al Uso Nostro,13000.00,Sin identificar,pizza-4-quesos-al-uso-nostro,
Pizza Cebolla Al Uso Nostro,12000.00,Sin identificar,pizza-cebolla-al-uso-nostro,
Pizza Comun Al Uso Nostro,12000.00,Sin identificar,pizza-comun-al-uso-nostro,
Pizza Especial Al Uso Nosto,13000.00,Sin identificar,pizza-especial-al-uso-nosto,
Pizza Napolitana Al Uso Nostro,12000.00,Sin identificar,pizza-napolitana-al-uso-nostro,
Plato Volador Berries,9800.00,Aperitivos,plato-volador-berries,
Plato Volador Chupetin Galactico,9800.00,Aperitivos,plato-volador-chupetin-galactico,
Plato Volador Fucking Chicle,9800.00,Golosinas,plato-volador-fucking-chicle,
Plato Volador Mango + Maracuya,9800.00,Aperitivos,plato-volador-mango-maracuya,
Playadito X500g,2600.00,Sin identificar,playadito-x500g,
Porteñitas X139g,1600.00,Sin identificar,portenitas-x139g,
Portillo Dulce X750,5800.00,Vinos Tintos,portillo-dulce-x750,
Portillo Malbec X375ml,3800.00,Vinos Tintos,portillo-malbec-x375ml,
Portillo Malbec X750,5100.00,Vinos Tintos,portillo-malbec-x750,
Postre Cheesecake,5500.00,Sin identificar,postre-cheesecake,
Postre Lemon Pie,5500.00,Sin identificar,postre-lemon-pie,
Postre Oreo,5500.00,Sin identificar,postre-oreo,
Postrecito,5500.00,Sin identificar,postrecito,
Powerade 995ml Frutas Tropicales,2600.00,Gaseosas,powerade-995ml-frutas-tropicales,
Powerade 995ml Mountain Blast,2600.00,Gaseosas,powerade-995ml-mountain-blast,
Powerade Azul 500ml,2200.00,Gaseosas,powerade-azul-500ml,
Powerade Rojo 500ml,2200.00,Gaseosas,powerade-rojo-500ml,
Prime,3500.00,Sin identificar,prime,
Pritty 2.25l,2800.00,Gaseosas,pritty-225l,
Profugo,3900.00,Vinos Tintos,profugo,https://cdn.jsdelivr.net/gh/USER/toma-images/images/profugo.jpg
Pucho Suelo,500.00,Sin identificar,pucho-suelo,
Pure De Tomate Arcor X520g,1500.00,Sin identificar,pure-de-tomate-arcor-x520g,
Quento Asado,2500.00,Snacks,quento-asado,
Quento Barbacoa,2500.00,Snacks,quento-barbacoa,
Quento Jamon Serrano,2500.00,Snacks,quento-jamon-serrano,
Quento Limon,2500.00,Snacks,quento-limon,
Quento Nacho,2500.00,Snacks,quento-nacho,
Quento Onduladas,2500.00,Snacks,quento-onduladas,
Quento Queso Cheddar,2500.00,Snacks,quento-queso-cheddar,
Quento Salame,2500.00,Snacks,quento-salame,
Quilmes 1890 1l,3300.00,Cervezas,quilmes-1890-1l,
Quilmes 1890 473ml,1800.00,Cervezas,quilmes-1890-473ml,
Quilmes 710ml,3000.00,Cervezas,quilmes-710ml,
R.P La Mquina X750ml,8700.00,Vinos Tintos,rp-la-mquina-x750ml,
Ramazzotti Rosato,10900.00,Aperitivos,ramazzotti-rosato,https://cdn.jsdelivr.net/gh/USER/toma-images/images/ramazzotti-rosato.jpg
Ramen Arcor Sabor Pollo Picante 70g,1000.00,Snacks,ramen-arcor-sabor-pollo-picante-70g,
Ramen Arcor Sabor Pollo X70g,1000.00,Snacks,ramen-arcor-sabor-pollo-x70g,
Rasta Blanco,2000.00,Vinos Blancos,rasta-blanco,
Rasta Negro,2000.00,Golosinas,rasta-negro,
Rasta Trico,2500.00,Golosinas,rasta-trico,
Red Bull 255ml,3300.00,Energizantes,red-bull-255ml,
Rex Estuche X125g,2000.00,Snacks,rex-estuche-x125g,
Rex X75g,1600.00,Sin identificar,rex-x75g,
Rocklets 18X40g,1000.00,Golosinas,rocklets-18x40g,
Rocklets X 20g,600.00,Golosinas,rocklets-x-20g,
Rok Celulosa,1200.00,Sin identificar,rok-celulosa,
Rollo Mogul Acido Extreme 12 X 35g,1000.00,Golosinas,rollo-mogul-acido-extreme-12-x-35g,
Rollo Mogul Frutal X30g,1000.00,Golosinas,rollo-mogul-frutal-x30g,
Rumipal Agua Bidon 6l,2500.00,Aguas,rumipal-agua-bidon-6l,
Rumipal Agua Sab Manzana 1.5l,1300.00,Aguas,rumipal-agua-sab-manzana-15l,
Rumipal Agua Sab Naranja 500ml,1000.00,Aguas,rumipal-agua-sab-naranja-500ml,
Rumipal Agua Sab Pomelo 1.5l,1300.00,Gaseosas,rumipal-agua-sab-pomelo-15l,
Rumipal Agua Sab Pomelo 500ml,1000.00,Gaseosas,rumipal-agua-sab-pomelo-500ml,
Rumipal Gaseosa Citrus 1.5l,1500.00,Gaseosas,rumipal-gaseosa-citrus-15l,
Rumipal Gaseosa Lima Limon 2.25l,1500.00,Gaseosas,rumipal-gaseosa-lima-limon-225l,
Rumipal Gaseosa Limon 2.25l,1500.00,Gaseosas,rumipal-gaseosa-limon-225l,
Rumipal Gaseosa Naranja 2.25l,1500.00,Gaseosas,rumipal-gaseosa-naranja-225l,
Rumipal Gaseosa Pomelo 1.5l,1500.00,Gaseosas,rumipal-gaseosa-pomelo-15l,
Rumipal Gaseosa Pomelo 2.25l,1500.00,Gaseosas,rumipal-gaseosa-pomelo-225l,
Rumipal Gaseosa Tonica 1.5l,1600.00,Gaseosas,rumipal-gaseosa-tonica-15l,
Rumipal Soda Botella 1.5l,1200.00,Aguas,rumipal-soda-botella-15l,
Rumipal Soda Sifon,1600.00,Aguas,rumipal-soda-sifon,
Rutini Cabernet Malbec X750,16800.00,Vinos Tintos,rutini-cabernet-malbec-x750,
Saint Felicien Malbec X750,12000.00,Vinos Tintos,saint-felicien-malbec-x750,
Saladix Calabresa 100g,1600.00,Snacks,saladix-calabresa-100g,
Saladix Jamon 100g,1600.00,Snacks,saladix-jamon-100g,
Saladix Papa Crema/Cebolla X58g,1500.00,Sin identificar,saladix-papa-cremacebolla-x58g,
Saladix Papa Crema/Cebolla X95g,2000.00,Snacks,saladix-papa-cremacebolla-x95g,
Saladix Picante X 100g,1600.00,Snacks,saladix-picante-x-100g,
Saladix Pizza 100g,1600.00,Snacks,saladix-pizza-100g,
Saladix Snack Cross X67g,1200.00,Snacks,saladix-snack-cross-x67g,
Saladix Snack Original X58g,1500.00,Gin,saladix-snack-original-x58g,
Saladix Snack Original X95g,2000.00,Gin,saladix-snack-original-x95g,
Salentein Blanc De Blanes,14500.00,Sin identificar,salentein-blanc-de-blanes,
Salentein Reserva Cabernet X750,11900.00,Vinos Tintos,salentein-reserva-cabernet-x750,
Salentein Reserva Malbec X750,12200.00,Vinos Tintos,salentein-reserva-malbec-x750,
Salsa Arcor Filetto X340g,1500.00,Sin identificar,salsa-arcor-filetto-x340g,
Salsa Arcor Pizza X340g,1500.00,Sin identificar,salsa-arcor-pizza-x340g,
Salsa Arcor Pomarola X340g,1500.00,Sin identificar,salsa-arcor-pomarola-x340g,
Salsa Arcor Portuguesa X340g,1500.00,Sin identificar,salsa-arcor-portuguesa-x340g,
Salsa Arcor Tuco X340g,1800.00,Sin identificar,salsa-arcor-tuco-x340g,
Salvado Bagley X169g,1600.00,Sin identificar,salvado-bagley-x169g,
Sandwich Milanesa,7000.00,Snacks,sandwich-milanesa,
Sandwich Toma Jamon Cocido,6000.00,Snacks,sandwich-toma-jamon-cocido,
Sandwich Toma Salame,7000.00,Snacks,sandwich-toma-salame,
Santa Julia Chenin Dulce,8000.00,Vinos Blancos,santa-julia-chenin-dulce,
Santa Julia Chenin Dulce 269ml,2400.00,Vinos Blancos,santa-julia-chenin-dulce-269ml,
Santa Julia Dulce,8400.00,Vinos Tintos,santa-julia-dulce,https://cdn.jsdelivr.net/gh/USER/toma-images/images/santa-julia-dulce.jpg
Santa Julia Espumante Dulce 750ml,13800.00,Vinos Espumantes,santa-julia-espumante-dulce-750ml,
Santa Julia Tinto Reserva,8200.00,Vinos Tintos,santa-julia-tinto-reserva,
Saquito Fruta X810g,5664.01,Sin identificar,saquito-fruta-x810g,
Schneider 710ml,2800.00,Cervezas,schneider-710ml,
Schweppes Pomelo Zero 1.5l,3800.00,Gaseosas,schweppes-pomelo-zero-15l,
Schweppes Tonica 1.5l,3200.00,Gaseosas,schweppes-tonica-15l,
Sensei Malbec,9200.00,Vinos Tintos,sensei-malbec,
Sernova Candy Glow,8600.00,Aperitivos,sernova-candy-glow,
Sernova Caribbean Blend X700,8600.00,Aperitivos,sernova-caribbean-blend-x700,
Sernova Sweet Apple 700ml,8600.00,Aperitivos,sernova-sweet-apple-700ml,
Sernova Tropical Passion 700ml,8600.00,Aperitivos,sernova-tropical-passion-700ml,
Sernova Wild Berries 700ml,8600.00,Aperitivos,sernova-wild-berries-700ml,
Serranas Sandwich Tripack 3 X 112g,1800.00,Snacks,serranas-sandwich-tripack-3-x-112g,
Seven 2Ls,2500.00,Gaseosas,seven-2ls,
Seven Lata,1300.00,Gaseosas,seven-lata,
Seven Up 1.5l,3200.05,Gaseosas,seven-up-15l,
Sidra 1930 Dolce,6000.00,Vinos Espumantes,sidra-1930-dolce,
Sidra La Farruca 710ml,2800.00,Vinos Espumantes,sidra-la-farruca-710ml,
Skyy Apericot 750ml,11500.00,Aperitivos,skyy-apericot-750ml,
Skyy Cosmic 750ml,12000.00,Aperitivos,skyy-cosmic-750ml,
Skyy Pineapple,11500.00,Aperitivos,skyy-pineapple,
Skyy Raspberry 750ml,11500.00,Aperitivos,skyy-raspberry-750ml,
Smirnoff Citric,10500.00,Vodka,smirnoff-citric,
Smirnoff Citrus,10500.00,Vodka,smirnoff-citrus,https://cdn.jsdelivr.net/gh/USER/toma-images/images/smirnoff-citrus.jpg
Smirnoff Green Apple,10500.00,Vodka,smirnoff-green-apple,https://cdn.jsdelivr.net/gh/USER/toma-images/images/smirnoff-green-apple.jpg
Smirnoff Ice Apple Lata,3600.00,Vodka,smirnoff-ice-apple-lata,
Smirnoff Ice Berry Lata,3600.00,Vodka,smirnoff-ice-berry-lata,
Smirnoff Raspberry,10500.00,Vodka,smirnoff-raspberry,https://cdn.jsdelivr.net/gh/USER/toma-images/images/smirnoff-raspberry.jpg
Smirnoff Tamarindo,10500.00,Vodka,smirnoff-tamarindo,
Smirnoff Tropical Fruits,10500.00,Vodka,smirnoff-tropical-fruits,https://cdn.jsdelivr.net/gh/USER/toma-images/images/smirnoff-tropical-fruits.jpg
Smirnoff Watermelon,10500.00,Vodka,smirnoff-watermelon,https://cdn.jsdelivr.net/gh/USER/toma-images/images/smirnoff-watermelon.jpg
Smoking Filro Menthol,3500.00,Sin identificar,smoking-filro-menthol,
Snack Saladix Barbacoa X58g,1500.00,Sin identificar,snack-saladix-barbacoa-x58g,
Snack Saladix Barbacoa X95g,2000.00,Sin identificar,snack-saladix-barbacoa-x95g,
Snack Saladix Cheddar X58g,1500.00,Sin identificar,snack-saladix-cheddar-x58g,
Snack Saladix Cheddar X95g,2000.00,Sin identificar,snack-saladix-cheddar-x95g,
Soda 500ml,800.00,Aguas,soda-500ml,
Sonrisas Frambuesa X108g,1200.00,Sin identificar,sonrisas-frambuesa-x108g,
Speed 473ml,3000.00,Energizantes,speed-473ml,
Sprite 1.5l,4000.00,Gaseosas,sprite-15l,
Sprite 2.25l,4200.00,Gaseosas,sprite-225l,
Sprite 500ml,1500.00,Gaseosas,sprite-500ml,
Sprite Lata,1300.00,Gaseosas,sprite-lata,
Stella 473ml,3200.00,Cervezas,stella-473ml,
Stella Artois 330ml,3000.00,Cervezas,stella-artois-330ml,
Stella Artois 710ml,4200.00,Cervezas,stella-artois-710ml,
Stella Artois Noire,3000.00,Cervezas,stella-artois-noire,
Stella Artois Sin Alcohol Porron,2500.00,Cervezas,stella-artois-sin-alcohol-porron,
Surtido Bagley X 400g,2600.00,Sin identificar,surtido-bagley-x-400g,
Surtido Diversion X 400g,2300.00,Sin identificar,surtido-diversion-x-400g,
Tabaco Cerrito,5500.00,Sin identificar,tabaco-cerrito,
Tabaco Las Hojas,4800.00,Sin identificar,tabaco-las-hojas,
Tallarines Al Uso Nostro,3500.00,Sin identificar,tallarines-al-uso-nostro,
Tanqueray,32000.00,Gin,tanqueray,
Tarta De Acelga,8500.00,Sin identificar,tarta-de-acelga,
Tarta De Cebolla 1/2,8500.00,Sin identificar,tarta-de-cebolla-12,
Tarta De Choclo 1/2,8500.00,Sin identificar,tarta-de-choclo-12,
Tarta De Jamon Y Queso 1/2,8500.00,Sin identificar,tarta-de-jamon-y-queso-12,
Tarta De Pollo 1/2,9500.00,Sin identificar,tarta-de-pollo-12,
Terrazas Res Cabernet Sauv X750,16700.00,Vinos Tintos,terrazas-res-cabernet-sauv-x750,
Terrazas Res Malbec X750,14900.00,Vinos Tintos,terrazas-res-malbec-x750,
Tiramisu,5500.00,Sin identificar,tiramisu,
Tomate Perita Arcor X400g,1500.00,Sin identificar,tomate-perita-arcor-x400g,
Top Line 7 Strawberry 16 X 14g,1000.00,Golosinas,top-line-7-strawberry-16-x-14g,
Top Line 7 Ulra Beery 12 X 24g,2500.00,Golosinas,top-line-7-ulra-beery-12-x-24g,
Top Line 7 Ulra Citrus Blueberry 24g,2500.00,Golosinas,top-line-7-ulra-citrus-blueberry-24g,
Top Line 7 Ulra Clean 12 X 25g,2500.00,Golosinas,top-line-7-ulra-clean-12-x-25g,
Top Line 7 Violet Cherry 16 X 14g,1000.00,Golosinas,top-line-7-violet-cherry-16-x-14g,
Top Line Bubble Fun 16X14g,1000.00,Golosinas,top-line-bubble-fun-16x14g,
Top Line Defense 20 X 6.7g,700.00,Golosinas,top-line-defense-20-x-67g,
Top Line Fruta 20 X 6.7g,700.00,Golosinas,top-line-fruta-20-x-67g,
Top Line Menta 16 X 14g,1000.00,Golosinas,top-line-menta-16-x-14g,
Top Line Menta 20 X 6.7g,700.00,Golosinas,top-line-menta-20-x-67g,
Top Line Menthol 16 X 14g,1000.00,Golosinas,top-line-menthol-16-x-14g,
Top Line Sandia 16 X 14g,1000.00,Golosinas,top-line-sandia-16-x-14g,
Top Line Sandia/Menta X20 U,700.00,Golosinas,top-line-sandiamenta-x20-u,
Top Line Strong 16 X 29g,1000.00,Sin identificar,top-line-strong-16-x-29g,
Top Line Strong 20 X 6.7g,700.00,Golosinas,top-line-strong-20-x-67g,
Top Line Ulra Gmint 12 X 24g,2500.00,Golosinas,top-line-ulra-gmint-12-x-24g,
Toro Tetra 1l,2500.00,Vinos Tintos,toro-tetra-1l,
Tostadas Criollitas Clasicas X195g,1800.00,Sin identificar,tostadas-criollitas-clasicas-x195g,
Tostadas Criollitas Salvado X195g,1800.00,Sin identificar,tostadas-criollitas-salvado-x195g,
Traviata Tripack X324g,1800.00,Sin identificar,traviata-tripack-x324g,
Tribu Blanco Dulce 750ml,4000.00,Vinos Blancos,tribu-blanco-dulce-750ml,
Trivento Reserva Malbec X750,7200.00,Vinos Tintos,trivento-reserva-malbec-x750,
Trumpeter Cabernet Sauvignon X750,9500.00,Vinos Tintos,trumpeter-cabernet-sauvignon-x750,
Trumpeter Malbec X750,9700.00,Vinos Tintos,trumpeter-malbec-x750,
Twistos Jamon X40g,2000.00,Sin identificar,twistos-jamon-x40g,
Twistos Jamon X95g,2900.00,Snacks,twistos-jamon-x95g,
Twistos Queso X40g,2000.00,Snacks,twistos-queso-x40g,
Twistos Queso X95g,2900.00,Snacks,twistos-queso-x95g,
Van Kiff American Blend,6500.00,Sin identificar,van-kiff-american-blend,
Van Kiff Cherry,6500.00,Sin identificar,van-kiff-cherry,
Van Kiff Chocolate,6500.00,Golosinas,van-kiff-chocolate,
Van Kiff Natural,6500.00,Sin identificar,van-kiff-natural,
Van Kiff Vainilla,6500.00,Sin identificar,van-kiff-vainilla,
Vaper Ignite V250,27500.00,Sin identificar,vaper-ignite-v250,
Vapper Sex Addict,26500.00,Sin identificar,vapper-sex-addict,
Vermut Punt E Mes 750ml,8300.00,Aperitivos,vermut-punt-e-mes-750ml,
Vino Toro Tetra Blanco,2200.00,Vinos Blancos,vino-toro-tetra-blanco,
Vino Viña Balbo,3200.00,Aperitivos,vino-vina-balbo,
Vodka Sernova,7800.00,Vodka,vodka-sernova,
Wagyu Reserva,13200.00,Vinos Tintos,wagyu-reserva,
White Horse,21899.00,Aperitivos,white-horse,https://cdn.jsdelivr.net/gh/USER/toma-images/images/white-horse.jpg
Yerba Rosamonte X500g,2200.00,Sin identificar,yerba-rosamonte-x500g,
Ñoquis Al Uso Nostro,4100.00,Sin identificar,noquis-al-uso-nostro,
