name,category,price,slug,image_url
Amstel 473ml,Cervezas,$2000.00,amstel-473ml,https://upfnswxvjbbhffsildji.supabase.co/storage/v1/object/public/toma-images/cervezas/amstel-473ml
Andes Negra 473ml,Cervezas,$2200.00,andes-origen-negra-473ml,https://upfnswxvjbbhffsildji.supabase.co/storage/v1/object/public/toma-images/cervezas/andes-origen-negra-473ml
Andes Rubia 473ml,Cervezas,$2600.00,andes-rubia-473ml,https://upfnswxvjbbhffsildji.supabase.co/storage/v1/object/public/toma-images/cervezas/andes-rubia-473ml
Barril Heineken 5L,Cervezas,$85000.00,barril-heineken-5l,https://upfnswxvjbbhffsildji.supabase.co/storage/v1/object/public/toma-images/cervezas/barril-heineken-5l
Brahma 473ml,Cervezas,$2500.00,brahma-473ml,https://upfnswxvjbbhffsildji.supabase.co/storage/v1/object/public/toma-images/cervezas/brahma-473ml
Brahma 710ml,Cervezas,$3500.00,brahma-710ml,https://upfnswxvjbbhffsildji.supabase.co/storage/v1/object/public/toma-images/cervezas/brahma-710ml
Budweiser 473ml,Cervezas,$2200.00,budweiser-473ml,https://upfnswxvjbbhffsildji.supabase.co/storage/v1/object/public/toma-images/cervezas/budweiser-473ml
Cordoba 473ml,Cervezas,$1400.00,cordoba-473ml,https://upfnswxvjbbhffsildji.supabase.co/storage/v1/object/public/toma-images/cervezas/cordoba-473ml
Corona 330ml,Cervezas,$3500.00,corona-330ml,https://upfnswxvjbbhffsildji.supabase.co/storage/v1/object/public/toma-images/cervezas/corona-330ml
Corona 330ml 0.0,Cervezas,$2800.00,corona-330ml-0-0,https://upfnswxvjbbhffsildji.supabase.co/storage/v1/object/public/toma-images/cervezas/corona-330ml-0-0
Corona 710ml,Cervezas,$5200.00,corona-710ml,https://upfnswxvjbbhffsildji.supabase.co/storage/v1/object/public/toma-images/cervezas/corona-710ml
Heineken 473ml,Cervezas,$3500.00,heineken-473ml,https://upfnswxvjbbhffsildji.supabase.co/storage/v1/object/public/toma-images/cervezas/heineken-473ml
Heineken 710ml,Cervezas,$5000.00,heineken-710ml,https://upfnswxvjbbhffsildji.supabase.co/storage/v1/object/public/toma-images/cervezas/heineken-710ml
Heineken 330ml,Cervezas,$3200.00,heineken-porron-330ml,https://upfnswxvjbbhffsildji.supabase.co/storage/v1/object/public/toma-images/cervezas/heineken-porron-330ml
Imperial Golden 473ml,Cervezas,$2500.00,imperial-golden-473ml,https://upfnswxvjbbhffsildji.supabase.co/storage/v1/object/public/toma-images/cervezas/imperial-golden-473ml
Imperial Ipa 473ml,Cervezas,$2200.00,imperial-ipa-473ml,https://upfnswxvjbbhffsildji.supabase.co/storage/v1/object/public/toma-images/cervezas/imperial-ipa-473ml
Ortuzar Golden,Cervezas,$2800.00,ortuzar-golden,https://upfnswxvjbbhffsildji.supabase.co/storage/v1/object/public/toma-images/cervezas/ortuzar-golden
Ortuzar Honey,Cervezas,$2800.00,ortuzar-honey,https://upfnswxvjbbhffsildji.supabase.co/storage/v1/object/public/toma-images/cervezas/ortuzar-honey
Ortuzar Ipa,Cervezas,$2800.00,ortuzar-ipa,https://upfnswxvjbbhffsildji.supabase.co/storage/v1/object/public/toma-images/cervezas/ortuzar-ipa
Ortuzar Lager,Cervezas,$2000.02,ortuzar-lager,https://upfnswxvjbbhffsildji.supabase.co/storage/v1/object/public/toma-images/cervezas/ortuzar-lager
Ortuzar Negra,Cervezas,$2800.00,ortuzar-negra,https://upfnswxvjbbhffsildji.supabase.co/storage/v1/object/public/toma-images/cervezas/ortuzar-negra
Ortuzar Scottish,Cervezas,$2800.00,ortuzar-scottish,https://upfnswxvjbbhffsildji.supabase.co/storage/v1/object/public/toma-images/cervezas/ortuzar-scottish
Patagonia 24.7 710ml,Cervezas,$5800.00,patagonia-710ml-24-7,https://upfnswxvjbbhffsildji.supabase.co/storage/v1/object/public/toma-images/cervezas/patagonia-710ml-24-7
Patagonia Amber Lager 730ml,Cervezas,$5800.00,patagonia-amber-lager-730ml,https://upfnswxvjbbhffsildji.supabase.co/storage/v1/object/public/toma-images/cervezas/patagonia-amber-lager-730ml
Patagonia Lager Del Sur 730ml,Cervezas,$5800.00,patagonia-lager-del-sur-730ml,https://upfnswxvjbbhffsildji.supabase.co/storage/v1/object/public/toma-images/cervezas/patagonia-lager-del-sur-730ml
Patagonia Vera Ipa 730ml,Cervezas,$5800.00,patagonia-vera-ipa-730ml,https://upfnswxvjbbhffsildji.supabase.co/storage/v1/object/public/toma-images/cervezas/patagonia-vera-ipa-730ml
Quilmes 1890 1L,Cervezas,$3300.00,quilmes-1890-1l,https://upfnswxvjbbhffsildji.supabase.co/storage/v1/object/public/toma-images/cervezas/quilmes-1890-1l
Quilmes 1890 473ml,Cervezas,$1800.00,quilmes-1890-473ml,https://upfnswxvjbbhffsildji.supabase.co/storage/v1/object/public/toma-images/cervezas/quilmes-1890-473ml
Quilmes 710ml,Cervezas,$3000.00,quilmes-710ml,https://upfnswxvjbbhffsildji.supabase.co/storage/v1/object/public/toma-images/cervezas/quilmes-710ml
Schneider 710ml,Cervezas,$2800.00,schneider-710ml,https://upfnswxvjbbhffsildji.supabase.co/storage/v1/object/public/toma-images/cervezas/schneider-710ml
Stella Artois 473ml,Cervezas,$3200.00,stella-473ml,https://upfnswxvjbbhffsildji.supabase.co/storage/v1/object/public/toma-images/cervezas/stella-473ml
Stella Artois 330ml,Cervezas,$3000.00,stella-artois-330ml,https://upfnswxvjbbhffsildji.supabase.co/storage/v1/object/public/toma-images/cervezas/stella-artois-330ml
Stella Artois Noire 473ml,Cervezas,$3000.00,stella-artois-noire,https://upfnswxvjbbhffsildji.supabase.co/storage/v1/object/public/toma-images/cervezas/stella-artois-noire
Stella Artois Sin Alcohol 330ml,Cervezas,$2500.00,stella-artois-sin-alcohol-porron,https://upfnswxvjbbhffsildji.supabase.co/storage/v1/object/public/toma-images/cervezas/stella-artois-sin-alcohol-porron
Andes Ipa 473ml,Cervezas,$2600.00,andes-origen-ipa,https://upfnswxvjbbhffsildji.supabase.co/storage/v1/object/public/toma-images/cervezas/andes-origen-ipa
Andes Roja 473ml,Cervezas,$2600.00,andes-roja-473ml,https://upfnswxvjbbhffsildji.supabase.co/storage/v1/object/public/toma-images/cervezas/andes-roja-473ml
Stella Artois 710ml,Cervezas,$4200.00,stella-artois-710ml,https://upfnswxvjbbhffsildji.supabase.co/storage/v1/object/public/toma-images/cervezas/stella-artois-710ml
Alambrado Cabernet Franc 750ml,Vinos Tintos,$6900.00,alambrado-cabernet-franc,https://upfnswxvjbbhffsildji.supabase.co/storage/v1/object/public/toma-images/vinos-tintos/alambrado-cabernet-franc
Alambrado Malbec 750ml,Vinos Tintos,$6900.00,alambrado-malbec,https://upfnswxvjbbhffsildji.supabase.co/storage/v1/object/public/toma-images/vinos-tintos/alambrado-malbec
Alamos Malbec 750ml,Vinos Tintos,$7499.94,alamos-malbec-750ml,https://upfnswxvjbbhffsildji.supabase.co/storage/v1/object/public/toma-images/vinos-tintos/alamos-malbec-750ml
Alma Mora Malbec 750ml,Vinos Tintos,$6000.00,alma-mora-malbec,https://upfnswxvjbbhffsildji.supabase.co/storage/v1/object/public/toma-images/vinos-tintos/alma-mora-malbec
Antuan Malbec 750ml,Vinos Tintos,$6899.85,antuan-malbec,https://upfnswxvjbbhffsildji.supabase.co/storage/v1/object/public/toma-images/vinos-tintos/antuan-malbec
Azul Cabernet Sauvignon 750ml,Vinos Tintos,$9800.00,azul-cabernet-sauvignon-750ml,https://upfnswxvjbbhffsildji.supabase.co/storage/v1/object/public/toma-images/vinos-tintos/azul-cabernet-sauvignon-750ml
Azul El Buscapleitos Ed Limitada 750ml,Vinos Tintos,$16800.00,azul-el-buscapleitos-ed-limitada-bonarda,https://upfnswxvjbbhffsildji.supabase.co/storage/v1/object/public/toma-images/vinos-tintos/azul-el-buscapleitos-ed-limitada-bonarda
Azul Malbec 750ml,Vinos Tintos,$9100.00,azul-malbec,https://upfnswxvjbbhffsildji.supabase.co/storage/v1/object/public/toma-images/vinos-tintos/azul-malbec
Azul Reserva Blend 750ml,Vinos Tintos,$16800.00,azul-reserva-blend-60-malbec-40-cabernet,https://upfnswxvjbbhffsildji.supabase.co/storage/v1/object/public/toma-images/vinos-tintos/azul-reserva-blend-60-malbec-40-cabernet
B J Xeneizes 750ml,Vinos Tintos,$8800.00,b-j-xeneizes-750ml,https://upfnswxvjbbhffsildji.supabase.co/storage/v1/object/public/toma-images/vinos-tintos/b-j-xeneizes-750ml
Bag In Box Malbec X3lt,Vinos Tintos,$26800.00,bag-in-box-malbec-x3lt,https://upfnswxvjbbhffsildji.supabase.co/storage/v1/object/public/toma-images/vinos-tintos/bag-in-box-malbec-x3lt
Azul El Buscapleitos Cabernet Franc,Vinos Tintos,$16800.00,bodega-azul-buscapleito-cabernet-franc,https://upfnswxvjbbhffsildji.supabase.co/storage/v1/object/public/toma-images/vinos-tintos/bodega-azul-buscapleito-cabernet-franc
Callia Malbec 750ml,Vinos Tintos,$4300.00,callia-malbec-750,https://upfnswxvjbbhffsildji.supabase.co/storage/v1/object/public/toma-images/vinos-tintos/callia-malbec-750
Callia Tinto Tardio Dulce 750ml,Vinos Tintos,$4000.00,callia-tinto-tardio-dulce-750,https://upfnswxvjbbhffsildji.supabase.co/storage/v1/object/public/toma-images/vinos-tintos/callia-tinto-tardio-dulce-750
Casillero Del Diablo Malbec 750ml,Vinos Tintos,$5800.00,casillero-del-diablo-malbec-750,https://upfnswxvjbbhffsildji.supabase.co/storage/v1/object/public/toma-images/vinos-tintos/casillero-del-diablo-malbec-750
Clandestino Malbec 750ml,Vinos Tintos,$12200.00,clandestino-malbec,https://upfnswxvjbbhffsildji.supabase.co/storage/v1/object/public/toma-images/vinos-tintos/clandestino-malbec
Clandestino Malbec Reserva 750ml,Vinos Tintos,$14500.00,clandestino-malbec-reserva,https://upfnswxvjbbhffsildji.supabase.co/storage/v1/object/public/toma-images/vinos-tintos/clandestino-malbec-reserva
Cordero Con Piel De Lobo Cabernet 750ml,Vinos Tintos,$6200.00,cordero-con-piel-de-lobo-cabernet,https://upfnswxvjbbhffsildji.supabase.co/storage/v1/object/public/toma-images/vinos-tintos/cordero-con-piel-de-lobo-cabernet
Cordero Con Piel De Lobo Malbec 750ml,Vinos Tintos,$6200.00,cordero-con-piel-de-lobo-malbec,https://upfnswxvjbbhffsildji.supabase.co/storage/v1/object/public/toma-images/vinos-tintos/cordero-con-piel-de-lobo-malbec
Don Nadie Malbec 750ml,Vinos Tintos,$8200.00,don-nadie-malbec,https://upfnswxvjbbhffsildji.supabase.co/storage/v1/object/public/toma-images/vinos-tintos/don-nadie-malbec
Dv Catena Cabernet - Malbec 750,Vinos Tintos,$15800.00,dv-catena-cabernet-malbec-750,https://upfnswxvjbbhffsildji.supabase.co/storage/v1/object/public/toma-images/vinos-tintos/dv-catena-cabernet-malbec-750
Etico Malbec 750ml,Vinos Tintos,$6500.00,etico-malbec,https://upfnswxvjbbhffsildji.supabase.co/storage/v1/object/public/toma-images/vinos-tintos/etico-malbec
Fabre M. Assemblage 750ml,Vinos Tintos,$10400.00,fabre-assemblage-mbcf,https://upfnswxvjbbhffsildji.supabase.co/storage/v1/object/public/toma-images/vinos-tintos/fabre-assemblage-mbcf
Fabre M. Classic Malbec 750ml,Vinos Tintos,$8700.00,fabre-m-classic-malbec-750,https://upfnswxvjbbhffsildji.supabase.co/storage/v1/object/public/toma-images/vinos-tintos/fabre-m-classic-malbec-750
Fabre M Cabernet 750ml,Vinos Tintos,$6500.00,fabre-m-cabernet,https://upfnswxvjbbhffsildji.supabase.co/storage/v1/object/public/toma-images/vinos-tintos/fabre-m-cabernet
Fabre M Terruño Malbec 750ml,Vinos Tintos,$12300.00,fabre-m-terruno-malbec-750ml,https://upfnswxvjbbhffsildji.supabase.co/storage/v1/object/public/toma-images/vinos-tintos/fabre-m-terruno-malbec-750ml
Fabre M. Terruño Reserva Cabernet Franc 750ml,Vinos Tintos,$13500.00,fabre-terruno-reserva-cabernet-franc,https://upfnswxvjbbhffsildji.supabase.co/storage/v1/object/public/toma-images/vinos-tintos/fabre-terruno-reserva-cabernet-franc
Fam Carbonero Estate Cabernet 750ml,Vinos Tintos,$7800.00,fam-carbonero-estate-cabernet,https://upfnswxvjbbhffsildji.supabase.co/storage/v1/object/public/toma-images/vinos-tintos/fam-carbonero-estate-cabernet
Fam Carbonero Estate Malbec 750ml,Vinos Tintos,$7800.00,fam-carbonero-estate-malbec,https://upfnswxvjbbhffsildji.supabase.co/storage/v1/object/public/toma-images/vinos-tintos/fam-carbonero-estate-malbec
Fam Carbonero Reserva Malbec Organico 750ml,Vinos Tintos,$10900.00,fam-carbonero-reserva-malbec-organico,https://upfnswxvjbbhffsildji.supabase.co/storage/v1/object/public/toma-images/vinos-tintos/fam-carbonero-reserva-malbec-organico
Familia Giacometti Malbec 750ml,Vinos Tintos,$5500.00,familia-giacometti-malbec,https://upfnswxvjbbhffsildji.supabase.co/storage/v1/object/public/toma-images/vinos-tintos/familia-giacometti-malbec
Familia Giacometti Malbec Roble 750ml,Vinos Tintos,$6500.00,familia-giacometti-malbec-roble,https://upfnswxvjbbhffsildji.supabase.co/storage/v1/object/public/toma-images/vinos-tintos/familia-giacometti-malbec-roble
Familia Giacommetti Cabernet 750ml,Vinos Tintos,$5500.00,familia-giacommetti-cabernet,https://upfnswxvjbbhffsildji.supabase.co/storage/v1/object/public/toma-images/vinos-tintos/familia-giacommetti-cabernet
Federhaus Cabernet Sauvignon 750ml,Vinos Tintos,$15500.00,federhaus-cabernet-sauvignon,https://upfnswxvjbbhffsildji.supabase.co/storage/v1/object/public/toma-images/vinos-tintos/federhaus-cabernet-sauvignon
Federhaus Petit Verdot 750ml,Vinos Tintos,$15500.00,federhaus-petit-verdot,https://upfnswxvjbbhffsildji.supabase.co/storage/v1/object/public/toma-images/vinos-tintos/federhaus-petit-verdot
Federhaus Reserve Malbec 750ml,Vinos Tintos,$15500.00,federhaus-reserve-malbec,https://upfnswxvjbbhffsildji.supabase.co/storage/v1/object/public/toma-images/vinos-tintos/federhaus-reserve-malbec
Federhaus Signature Bonarda 750ml,Vinos Tintos,$8200.00,federhaus-signature-bonarda,https://upfnswxvjbbhffsildji.supabase.co/storage/v1/object/public/toma-images/vinos-tintos/federhaus-signature-bonarda
Federhaus Torrontes 750ml,Vinos Tintos,$8200.00,federhaus-torrontes,https://upfnswxvjbbhffsildji.supabase.co/storage/v1/object/public/toma-images/vinos-tintos/federhaus-torrontes
Finca Las Moras 750ml,Vinos Tintos,$4500.00,finca-las-moras,https://upfnswxvjbbhffsildji.supabase.co/storage/v1/object/public/toma-images/vinos-tintos/finca-las-moras
Finjamos Demencia Corte De Tintas 750ml,Vinos Tintos,$4800.00,finjamos-demencia-corte-de-tintas-750,https://upfnswxvjbbhffsildji.supabase.co/storage/v1/object/public/toma-images/vinos-tintos/finjamos-demencia-corte-de-tintas-750
Finjamos Demencia Malbec 750ml,Vinos Tintos,$4800.00,finjamos-demencia-malbec-750,https://upfnswxvjbbhffsildji.supabase.co/storage/v1/object/public/toma-images/vinos-tintos/finjamos-demencia-malbec-750
Flichman Estate Malbec 750ml,Vinos Tintos,$6800.00,flichman-estate-malbec-750,https://upfnswxvjbbhffsildji.supabase.co/storage/v1/object/public/toma-images/vinos-tintos/flichman-estate-malbec-750
Gordo Motoneta 750ml,Vinos Tintos,$4900.00,gordo-motoneta,https://upfnswxvjbbhffsildji.supabase.co/storage/v1/object/public/toma-images/vinos-tintos/gordo-motoneta
Killka Salentein Malbec 750ml,Vinos Tintos,$7600.00,killka-salentein-malbec-750,https://upfnswxvjbbhffsildji.supabase.co/storage/v1/object/public/toma-images/vinos-tintos/killka-salentein-malbec-750
La Linda Malbec 750ml,Vinos Tintos,$10200.00,la-linda-malbec-750,https://upfnswxvjbbhffsildji.supabase.co/storage/v1/object/public/toma-images/vinos-tintos/la-linda-malbec-750
Las Perdices Cabernet Sauvignon 750ml,Vinos Tintos,$7800.00,las-perdices-cabernet-sauv-750,https://upfnswxvjbbhffsildji.supabase.co/storage/v1/object/public/toma-images/vinos-tintos/las-perdices-cabernet-sauv-750
Las Perdices Malbec 750ml,Vinos Tintos,$8400.00,las-perdices-malbec-750,https://upfnswxvjbbhffsildji.supabase.co/storage/v1/object/public/toma-images/vinos-tintos/las-perdices-malbec-750
Las Perdices Partrigde Box Malbec 3L,Vinos Tintos,$18500.00,las-perdices-partrigde-box-malbec-3l,https://upfnswxvjbbhffsildji.supabase.co/storage/v1/object/public/toma-images/vinos-tintos/las-perdices-partrigde-box-malbec-3l
Las Perdices Partrigde Malbec 750ml,Vinos Tintos,$6200.00,las-perdices-partrigde-malbec-750,https://upfnswxvjbbhffsildji.supabase.co/storage/v1/object/public/toma-images/vinos-tintos/las-perdices-partrigde-malbec-750
Las Perdices Partrigde Red Blend 750ml,Vinos Tintos,$5800.00,las-perdices-partrigde-red-blend-750,https://upfnswxvjbbhffsildji.supabase.co/storage/v1/object/public/toma-images/vinos-tintos/las-perdices-partrigde-red-blend-750
Latitud 33 Cabernet Sauv 750ml,Vinos Tintos,$6800.00,latitud-33-cabernet-sauv-750,https://upfnswxvjbbhffsildji.supabase.co/storage/v1/object/public/toma-images/vinos-tintos/latitud-33-cabernet-sauv-750
Latitud 33 Malbec 750ml,Vinos Tintos,$6800.00,latitud-33-malbec-750,https://upfnswxvjbbhffsildji.supabase.co/storage/v1/object/public/toma-images/vinos-tintos/latitud-33-malbec-750
Laureano Gomez Terroir Blend 750ml,Vinos Tintos,$17500.00,laureano-gomez-terroir-blend,https://upfnswxvjbbhffsildji.supabase.co/storage/v1/object/public/toma-images/vinos-tintos/laureano-gomez-terroir-blend
Laureano Gomez Terroir Malbec 750ml,Vinos Tintos,$17500.00,laureano-gomez-terroir-malbec,https://upfnswxvjbbhffsildji.supabase.co/storage/v1/object/public/toma-images/vinos-tintos/laureano-gomez-terroir-malbec
Laureano Gomez Terroir Merlot 750ml,Vinos Tintos,$17500.00,laureano-gomez-terroir-merlot,https://upfnswxvjbbhffsildji.supabase.co/storage/v1/object/public/toma-images/vinos-tintos/laureano-gomez-terroir-merlot
Laureano Gomez Terroir Pinot Noir 750ml,Vinos Tintos,$17500.00,laureano-gomez-terroir-pinot-noir,https://upfnswxvjbbhffsildji.supabase.co/storage/v1/object/public/toma-images/vinos-tintos/laureano-gomez-terroir-pinot-noir
Luigi Bosca Cabernet Sauv 750ml,Vinos Tintos,$15600.00,luigi-bosca-cabernet-sauv-750,https://upfnswxvjbbhffsildji.supabase.co/storage/v1/object/public/toma-images/vinos-tintos/luigi-bosca-cabernet-sauv-750
Luigi Bosca Malbec 750ml,Vinos Tintos,$16000.00,luigi-bosca-malbec-750,https://upfnswxvjbbhffsildji.supabase.co/storage/v1/object/public/toma-images/vinos-tintos/luigi-bosca-malbec-750
Mestizo Blend 750ml,Vinos Tintos,$8900.00,mestizo-blend-de,https://upfnswxvjbbhffsildji.supabase.co/storage/v1/object/public/toma-images/vinos-tintos/mestizo-blend-de
Mestizo Epic Flame 750ml,Vinos Tintos,$8900.00,mestizo-epic-flame,https://upfnswxvjbbhffsildji.supabase.co/storage/v1/object/public/toma-images/vinos-tintos/mestizo-epic-flame
Mestizo Malbec 750ml,Vinos Tintos,$8900.00,mestizo-malbec,https://upfnswxvjbbhffsildji.supabase.co/storage/v1/object/public/toma-images/vinos-tintos/mestizo-malbec
Misterio Cabernet 750ml,Vinos Tintos,$4200.00,misterio-cabernet-750,https://upfnswxvjbbhffsildji.supabase.co/storage/v1/object/public/toma-images/vinos-tintos/misterio-cabernet-750
Misterio Malbec 750ml,Vinos Tintos,$4200.00,misterio-malbec-750,https://upfnswxvjbbhffsildji.supabase.co/storage/v1/object/public/toma-images/vinos-tintos/misterio-malbec-750
Nampe Malbec 750ml,Vinos Tintos,$3800.00,nampe-malbec,https://upfnswxvjbbhffsildji.supabase.co/storage/v1/object/public/toma-images/vinos-tintos/nampe-malbec
Naufrago 750ml,Vinos Tintos,$4200.00,naufrago,https://upfnswxvjbbhffsildji.supabase.co/storage/v1/object/public/toma-images/vinos-tintos/naufrago
Otro Loco Mas 750ml,Vinos Tintos,$4900.00,otro-loco-mas,https://upfnswxvjbbhffsildji.supabase.co/storage/v1/object/public/toma-images/vinos-tintos/otro-loco-mas
Portillo Malbec 375ml,Vinos Tintos,$3800.00,portillo-malbec-375ml,https://upfnswxvjbbhffsildji.supabase.co/storage/v1/object/public/toma-images/vinos-tintos/portillo-malbec-375ml
Portillo Malbec 750,Vinos Tintos,$5100.00,portillo-malbec-750,https://upfnswxvjbbhffsildji.supabase.co/storage/v1/object/public/toma-images/vinos-tintos/portillo-malbec-750
Profugo 750ml,Vinos Tintos,$3900.00,profugo,https://upfnswxvjbbhffsildji.supabase.co/storage/v1/object/public/toma-images/vinos-tintos/profugo
R P La Maquina 750ml,Vinos Tintos,$8700.00,r-p-la-mquina-750ml,https://upfnswxvjbbhffsildji.supabase.co/storage/v1/object/public/toma-images/vinos-tintos/r-p-la-mquina-750ml
Rutini Cabernet Malbec 750ml,Vinos Tintos,$16800.00,rutini-cabernet-malbec-750,https://upfnswxvjbbhffsildji.supabase.co/storage/v1/object/public/toma-images/vinos-tintos/rutini-cabernet-malbec-750
Saint Felicien Malbec 750ml,Vinos Tintos,$12000.00,saint-felicien-malbec-750,https://upfnswxvjbbhffsildji.supabase.co/storage/v1/object/public/toma-images/vinos-tintos/saint-felicien-malbec-750
Salentein Reserva Cabernet 750ml,Vinos Tintos,$11900.00,salentein-reserva-cabernet-750,https://upfnswxvjbbhffsildji.supabase.co/storage/v1/object/public/toma-images/vinos-tintos/salentein-reserva-cabernet-750
Salentein Reserva Malbec 750ml,Vinos Tintos,$12200.00,salentein-reserva-malbec-750,https://upfnswxvjbbhffsildji.supabase.co/storage/v1/object/public/toma-images/vinos-tintos/salentein-reserva-malbec-750
Santa Julia Tinto Reserva 750ml,Vinos Tintos,$8200.00,santa-julia-tinto-reserva,https://upfnswxvjbbhffsildji.supabase.co/storage/v1/object/public/toma-images/vinos-tintos/santa-julia-tinto-reserva
Sensei Malbec 750ml,Vinos Tintos,$9200.00,sensei-malbec,https://upfnswxvjbbhffsildji.supabase.co/storage/v1/object/public/toma-images/vinos-tintos/sensei-malbec
Terrazas Res Cabernet Sauv 750ml,Vinos Tintos,$16700.00,terrazas-res-cabernet-sauv-750,https://upfnswxvjbbhffsildji.supabase.co/storage/v1/object/public/toma-images/vinos-tintos/terrazas-res-cabernet-sauv-750
Terrazas Res Malbec 750ml,Vinos Tintos,$14900.00,terrazas-res-malbec-750,https://upfnswxvjbbhffsildji.supabase.co/storage/v1/object/public/toma-images/vinos-tintos/terrazas-res-malbec-750
Toro Tetra 1L,Vinos Tintos,$2500.00,toro-tetra-1l,https://upfnswxvjbbhffsildji.supabase.co/storage/v1/object/public/toma-images/vinos-tintos/toro-tetra-1l
Trivento Reserva Malbec 750ml,Vinos Tintos,$7200.00,trivento-reserva-malbec-750,https://upfnswxvjbbhffsildji.supabase.co/storage/v1/object/public/toma-images/vinos-tintos/trivento-reserva-malbec-750
Trumpeter Cabernet Sauvignon 750ml,Vinos Tintos,$9500.00,trumpeter-cabernet-sauvignon-750,https://upfnswxvjbbhffsildji.supabase.co/storage/v1/object/public/toma-images/vinos-tintos/trumpeter-cabernet-sauvignon-750
Trumpeter Malbec 750ml,Vinos Tintos,$9700.00,trumpeter-malbec-750,https://upfnswxvjbbhffsildji.supabase.co/storage/v1/object/public/toma-images/vinos-tintos/trumpeter-malbec-750
Viñas de Balbo 1L,Vinos Tintos,$3200.00,vino-vina-balbo,https://upfnswxvjbbhffsildji.supabase.co/storage/v1/object/public/toma-images/vinos-tintos/vino-vina-balbo
Fam Carbonero Wagyu Reserva 750ml,Vinos Tintos,$13200.00,wagyu-reserva,https://upfnswxvjbbhffsildji.supabase.co/storage/v1/object/public/toma-images/vinos-tintos/wagyu-reserva
Azul Chardonnay 750ml,Vinos Blancos y Rosados,$10500.00,azul-chardonnay-750ml,https://upfnswxvjbbhffsildji.supabase.co/storage/v1/object/public/toma-images/vinos-blancos-y-rosados/azul-chardonnay-750ml
Azul Sauvignon Blanc,Vinos Blancos y Rosados,$10500.00,azul-sauvignon-blanc,https://upfnswxvjbbhffsildji.supabase.co/storage/v1/object/public/toma-images/vinos-blancos-y-rosados/azul-sauvignon-blanc
Callia Tardio Dulce 750ml,Vinos Blancos y Rosados,$3800.00,callia-tardio-dulce-750,https://upfnswxvjbbhffsildji.supabase.co/storage/v1/object/public/toma-images/vinos-blancos-y-rosados/callia-tardio-dulce-750
Chacabuco Chenin 750ml,Vinos Blancos y Rosados,$6800.00,chacabuco-chenin,https://upfnswxvjbbhffsildji.supabase.co/storage/v1/object/public/toma-images/vinos-blancos-y-rosados/chacabuco-chenin
Cordero Piel De Lobo Blanco Dulce 750ml,Vinos Blancos y Rosados,$6400.00,cordero-piel-de-lobo-blanco-dulce,https://upfnswxvjbbhffsildji.supabase.co/storage/v1/object/public/toma-images/vinos-blancos-y-rosados/cordero-piel-de-lobo-blanco-dulce
Dilema Day Chardonnay 750ml,Vinos Blancos y Rosados,$3600.00,dilema-day-chardonnay,https://upfnswxvjbbhffsildji.supabase.co/storage/v1/object/public/toma-images/vinos-blancos-y-rosados/dilema-day-chardonnay
Emilia Cocktail Clarea 750ml,Vinos Blancos y Rosados,$8900.00,emilia-cocktail-clarea,https://upfnswxvjbbhffsildji.supabase.co/storage/v1/object/public/toma-images/vinos-blancos-y-rosados/emilia-cocktail-clarea
Emilia Cocktail Rose 750ml,Vinos Blancos y Rosados,$8900.00,emilia-cocktail-rose,https://upfnswxvjbbhffsildji.supabase.co/storage/v1/object/public/toma-images/vinos-blancos-y-rosados/emilia-cocktail-rose
Emilia Cocktail Sangria 750ml,Vinos Blancos y Rosados,$8900.00,emilia-cocktail-sangria,https://upfnswxvjbbhffsildji.supabase.co/storage/v1/object/public/toma-images/vinos-blancos-y-rosados/emilia-cocktail-sangria
Emilia Cocktail Spritz 750ml,Vinos Blancos y Rosados,$8900.00,emilia-cocktail-spritz,https://upfnswxvjbbhffsildji.supabase.co/storage/v1/object/public/toma-images/vinos-blancos-y-rosados/emilia-cocktail-spritz
Emilia Dulce Natural Moscatel 750ml,Vinos Blancos y Rosados,$7200.00,emilia-dulce-natural-moscatel-750,https://upfnswxvjbbhffsildji.supabase.co/storage/v1/object/public/toma-images/vinos-blancos-y-rosados/emilia-dulce-natural-moscatel-750
Fam Carbonero Blend De Blancas 750ml,Vinos Blancos y Rosados,$6600.00,fam-carbonero-blend-de-blancas,https://upfnswxvjbbhffsildji.supabase.co/storage/v1/object/public/toma-images/vinos-blancos-y-rosados/fam-carbonero-blend-de-blancas
Federhaus Reserve Chardonnay 750ml,Vinos Blancos y Rosados,$15500.00,federhaus-reserve-chardonnay,https://upfnswxvjbbhffsildji.supabase.co/storage/v1/object/public/toma-images/vinos-blancos-y-rosados/federhaus-reserve-chardonnay
Flia Gascon Dulce Natural 750ml,Vinos Blancos y Rosados,$6200.00,flia-gascon-dulce-natural,https://upfnswxvjbbhffsildji.supabase.co/storage/v1/object/public/toma-images/vinos-blancos-y-rosados/flia-gascon-dulce-natural
Killka Salentein Sauvignon Blanc 750ml,Vinos Blancos y Rosados,$7200.00,killka-salentein-sauvignon-blanc-750,https://upfnswxvjbbhffsildji.supabase.co/storage/v1/object/public/toma-images/vinos-blancos-y-rosados/killka-salentein-sauvignon-blanc-750
Las Perdices Partrigde Dulce 750ml,Vinos Blancos y Rosados,$5400.00,las-perdices-partrigde-dulce-750,https://upfnswxvjbbhffsildji.supabase.co/storage/v1/object/public/toma-images/vinos-blancos-y-rosados/las-perdices-partrigde-dulce-750
Las Perdices Torrontes Dulce 750ml,Vinos Blancos y Rosados,$8300.00,las-perdices-torrontes-dulce-750,https://upfnswxvjbbhffsildji.supabase.co/storage/v1/object/public/toma-images/vinos-blancos-y-rosados/las-perdices-torrontes-dulce-750
Lopez Dulde Natural 750ml,Vinos Blancos y Rosados,$5900.00,lopez-dulde-natural,https://upfnswxvjbbhffsildji.supabase.co/storage/v1/object/public/toma-images/vinos-blancos-y-rosados/lopez-dulde-natural
Misterio Dulce Natural 750ml,Vinos Blancos y Rosados,$4200.00,misterio-dulce-natural-750,https://upfnswxvjbbhffsildji.supabase.co/storage/v1/object/public/toma-images/vinos-blancos-y-rosados/misterio-dulce-natural-750
Nicasia Red Blanc mlabec 750ml,Vinos Blancos y Rosados,$10200.00,nicasia-red-blanc-mlabec-750,https://upfnswxvjbbhffsildji.supabase.co/storage/v1/object/public/toma-images/vinos-blancos-y-rosados/nicasia-red-blanc-mlabec-750
Otro Loco Mas Blanco Dulce,Vinos Blancos y Rosados,$5600.00,otro-loco-mas-blanco-dulce,https://upfnswxvjbbhffsildji.supabase.co/storage/v1/object/public/toma-images/vinos-blancos-y-rosados/otro-loco-mas-blanco-dulce
Portillo Dulce 750ml,Vinos Blancos y Rosados,$5800.00,portillo-dulce-750,https://upfnswxvjbbhffsildji.supabase.co/storage/v1/object/public/toma-images/vinos-blancos-y-rosados/portillo-dulce-750
Salentein Blanc De Blanes 750ml,Vinos Blancos y Rosados,$14500.00,salentein-blanc-de-blanes,https://upfnswxvjbbhffsildji.supabase.co/storage/v1/object/public/toma-images/vinos-blancos-y-rosados/salentein-blanc-de-blanes
Santa Julia Chenin Dulce 750ml,Vinos Blancos y Rosados,$8000.00,santa-julia-chenin-dulce,https://upfnswxvjbbhffsildji.supabase.co/storage/v1/object/public/toma-images/vinos-blancos-y-rosados/santa-julia-chenin-dulce
Santa Julia Chenin Dulce 269ml,Vinos Blancos y Rosados,$2400.00,santa-julia-chenin-dulce-269ml,https://upfnswxvjbbhffsildji.supabase.co/storage/v1/object/public/toma-images/vinos-blancos-y-rosados/santa-julia-chenin-dulce-269ml
Santa Julia Dulce 750ml,Vinos Blancos y Rosados,$8400.00,santa-julia-dulce,https://upfnswxvjbbhffsildji.supabase.co/storage/v1/object/public/toma-images/vinos-blancos-y-rosados/santa-julia-dulce
Tribu Blanco Dulce 750ml,Vinos Blancos y Rosados,$4000.00,tribu-blanco-dulce-750ml,https://upfnswxvjbbhffsildji.supabase.co/storage/v1/object/public/toma-images/vinos-blancos-y-rosados/tribu-blanco-dulce-750ml
Toro Tetrapack Blanco 1L,Vinos Blancos y Rosados,$2200.00,vino-toro-tetra-blanco,https://upfnswxvjbbhffsildji.supabase.co/storage/v1/object/public/toma-images/vinos-blancos-y-rosados/vino-toro-tetra-blanco
Azul Matilda Rose 750ml,Vinos Blancos y Rosados,$14200.18,azul-matilda-rose-750ml,https://upfnswxvjbbhffsildji.supabase.co/storage/v1/object/public/toma-images/vinos-blancos-y-rosados/azul-matilda-rose-750ml
Champagne Renaissance DU 750ml,Espumantes,$5200.00,champagne-renna-du,https://upfnswxvjbbhffsildji.supabase.co/storage/v1/object/public/toma-images/espumantes/champagne-renna-du
Chandon Extra Brut 375ml,Espumantes,$10800.00,chandon-extra-brut-375ml,https://upfnswxvjbbhffsildji.supabase.co/storage/v1/object/public/toma-images/espumantes/chandon-extra-brut-375ml
Espumante Baron B Extra Brut 750ml,Espumantes,$38000.00,espumante-baron-b-extra-brut,https://upfnswxvjbbhffsildji.supabase.co/storage/v1/object/public/toma-images/espumantes/espumante-baron-b-extra-brut
Espumante Chandon Extra Brut 750ml,Espumantes,$18000.00,espumante-chandon-extra-brut-750,https://upfnswxvjbbhffsildji.supabase.co/storage/v1/object/public/toma-images/espumantes/espumante-chandon-extra-brut-750
Espumante Chandon Delice 750,Espumantes,$16700.00,espumante-chandon-delice-750,https://upfnswxvjbbhffsildji.supabase.co/storage/v1/object/public/toma-images/espumantes/espumante-chandon-delice-750
Espumante Las Perdices Dulce Sweety 750ml,Espumantes,$8900.00,espumante-las-perdices-dulce-sweety,https://upfnswxvjbbhffsildji.supabase.co/storage/v1/object/public/toma-images/espumantes/espumante-las-perdices-dulce-sweety
Espumante Las Perdices Extra Brut 750ml,Espumantes,$9900.00,espumante-las-perdices-extra-brut,https://upfnswxvjbbhffsildji.supabase.co/storage/v1/object/public/toma-images/espumantes/espumante-las-perdices-extra-brut
Espumante Mercier Dulce 750ml,Espumantes,$9800.00,espumante-mercier-dulce-750,https://upfnswxvjbbhffsildji.supabase.co/storage/v1/object/public/toma-images/espumantes/espumante-mercier-dulce-750
Espumante Salentein Doux 750ml,Espumantes,$13200.00,espumante-salentein-doux-750,https://upfnswxvjbbhffsildji.supabase.co/storage/v1/object/public/toma-images/espumantes/espumante-salentein-doux-750
Espumante Salentein Extra Brut 750ml,Espumantes,$13200.00,espumante-salentein-extra-brut,https://upfnswxvjbbhffsildji.supabase.co/storage/v1/object/public/toma-images/espumantes/espumante-salentein-extra-brut
Espumante Santa Julia Dulce 750ml,Espumantes,$13800.00,santa-julia-espumante-dulce-750ml,https://upfnswxvjbbhffsildji.supabase.co/storage/v1/object/public/toma-images/espumantes/santa-julia-espumante-dulce-750ml
Sidra 1930 Dolce 750ml,Espumantes,$6000.00,sidra-1930-dolce,https://upfnswxvjbbhffsildji.supabase.co/storage/v1/object/public/toma-images/espumantes/sidra-1930-dolce
Sidra La Farruca 710ml,Espumantes,$2800.00,sidra-la-farruca-710ml,https://upfnswxvjbbhffsildji.supabase.co/storage/v1/object/public/toma-images/espumantes/sidra-la-farruca-710ml
Aconcagua Blanco 750ml,Gin,$23700.00,aconcagua-blanco,https://upfnswxvjbbhffsildji.supabase.co/storage/v1/object/public/toma-images/gin/aconcagua-blanco
Aconcagua Pink 750ml,Gin,$23700.00,aconcagua-pink,https://upfnswxvjbbhffsildji.supabase.co/storage/v1/object/public/toma-images/gin/aconcagua-pink
Beefeater 700ml,Gin,$28000.00,beefeater-700ml,https://upfnswxvjbbhffsildji.supabase.co/storage/v1/object/public/toma-images/gin/beefeater-700ml
Bombay 700ml,Gin,$41000.00,bombay-700ml,https://upfnswxvjbbhffsildji.supabase.co/storage/v1/object/public/toma-images/gin/bombay-700ml
Gin Aconcagua Azul 750ml,Gin,$20500.00,gin-aconcagua-azul-750ml,https://upfnswxvjbbhffsildji.supabase.co/storage/v1/object/public/toma-images/gin/gin-aconcagua-azul-750ml
Gin Aconcagua Lime 750ml,Gin,$23700.00,gin-aconcagua-lime-750ml,https://upfnswxvjbbhffsildji.supabase.co/storage/v1/object/public/toma-images/gin/gin-aconcagua-lime-750ml
Gin La Mignon Blue 750ml,Gin,$18900.00,gin-la-mignon-blue,https://upfnswxvjbbhffsildji.supabase.co/storage/v1/object/public/toma-images/gin/gin-la-mignon-blue
Gin La Mignon Mediterranean 750ml,Gin,$18900.00,gin-la-mignon-mediterranean,https://upfnswxvjbbhffsildji.supabase.co/storage/v1/object/public/toma-images/gin/gin-la-mignon-mediterranean
Gin La Mignon Orange 750ml,Gin,$18900.00,gin-la-mignon-orange,https://upfnswxvjbbhffsildji.supabase.co/storage/v1/object/public/toma-images/gin/gin-la-mignon-orange
Gin La Mignon Pink 750ml,Gin,$18900.00,gin-la-mignon-pink,https://upfnswxvjbbhffsildji.supabase.co/storage/v1/object/public/toma-images/gin/gin-la-mignon-pink
Gin Merle London Dry River Plate 750ml Negro,Gin,$21100.00,gin-merle-london-dry-river-plate-750ml-negro,https://upfnswxvjbbhffsildji.supabase.co/storage/v1/object/public/toma-images/gin/gin-merle-london-dry-river-plate-750ml-negro
Gin Spirito Blu 700ml,Gin,$16000.00,gin-spirito-blu-700ml,https://upfnswxvjbbhffsildji.supabase.co/storage/v1/object/public/toma-images/gin/gin-spirito-blu-700ml
Merle Gin Pink 750ml,Gin,$13000.00,merle-gin-pink-750ml,https://upfnswxvjbbhffsildji.supabase.co/storage/v1/object/public/toma-images/gin/merle-gin-pink-750ml
Merle London Dry River Plate 750ml Blanco,Gin,$21100.00,merle-london-dry-river-plate-750ml-blanco,https://upfnswxvjbbhffsildji.supabase.co/storage/v1/object/public/toma-images/gin/merle-london-dry-river-plate-750ml-blanco
Gin Tanqueray 750ml,Gin,$32000.00,tanqueray,https://upfnswxvjbbhffsildji.supabase.co/storage/v1/object/public/toma-images/gin/tanqueray
Gin Heredero 750ml,Gin,$15200.04,gin-heredero-750,https://upfnswxvjbbhffsildji.supabase.co/storage/v1/object/public/toma-images/gin/gin-heredero-750
Ginebra Llave Black 700ml,Gin,$13800.00,ginebra-llave-black,https://upfnswxvjbbhffsildji.supabase.co/storage/v1/object/public/toma-images/gin/ginebra-llave-black
Gin Gordons 700ml,Gin,$12800.00,gordons,https://upfnswxvjbbhffsildji.supabase.co/storage/v1/object/public/toma-images/gin/gordons
Gin Heredero 750ml ,Gin,$15200.04,gin-heredero-750,https://upfnswxvjbbhffsildji.supabase.co/storage/v1/object/public/toma-images/gin/gin-heredero-750
Gin Nordico 750ml,Gin,$15500.00,nordico-gin,https://upfnswxvjbbhffsildji.supabase.co/storage/v1/object/public/toma-images/gin/nordico-gin
Beefeater Naranja 700ml,Gin,$39000.00,beefeater-naranja,https://upfnswxvjbbhffsildji.supabase.co/storage/v1/object/public/toma-images/aperitivos-y-licores/beefeater-naranja
Absolut Mandarina 750ml,Vodka,$28000.00,absolut-mandarina,https://upfnswxvjbbhffsildji.supabase.co/storage/v1/object/public/toma-images/vodka/absolut-mandarina
Absolut Mango 750ml,Vodka,$28000.00,absolut-mango,https://upfnswxvjbbhffsildji.supabase.co/storage/v1/object/public/toma-images/vodka/absolut-mango
Absolut Peach 750ml,Vodka,$28000.00,absolut-peach,https://upfnswxvjbbhffsildji.supabase.co/storage/v1/object/public/toma-images/vodka/absolut-peach
Absolut Pears 750ml,Vodka,$28000.00,absolut-pears,https://upfnswxvjbbhffsildji.supabase.co/storage/v1/object/public/toma-images/vodka/absolut-pears
Absolut Raspberry 750ml,Vodka,$28000.00,absolut-raspberry,https://upfnswxvjbbhffsildji.supabase.co/storage/v1/object/public/toma-images/vodka/absolut-raspberry
Absolut Vainilla 750ml,Vodka,$28000.00,absolut-vainilla,https://upfnswxvjbbhffsildji.supabase.co/storage/v1/object/public/toma-images/vodka/absolut-vainilla
Absolut Watermelon 750ml,Vodka,$28000.00,absolut-watermelon,https://upfnswxvjbbhffsildji.supabase.co/storage/v1/object/public/toma-images/vodka/absolut-watermelon
Absolut Wildberry 750ml,Vodka,$28000.00,absolut-wildberry,https://upfnswxvjbbhffsildji.supabase.co/storage/v1/object/public/toma-images/vodka/absolut-wildberry
Ciroc Peach 1L,Vodka,$130000.00,ciroc-peach-1l,https://upfnswxvjbbhffsildji.supabase.co/storage/v1/object/public/toma-images/vodka/ciroc-peach-1l
Ciroc Pineapple 1L,Vodka,$130000.00,ciroc-pineapple-1l,https://upfnswxvjbbhffsildji.supabase.co/storage/v1/object/public/toma-images/vodka/ciroc-pineapple-1l
Ciroc Red Berry 1L,Vodka,$130000.00,ciroc-red-berry-1l,https://upfnswxvjbbhffsildji.supabase.co/storage/v1/object/public/toma-images/vodka/ciroc-red-berry-1l
Ciroc Red Berry 750ml,Vodka,$87000.00,ciroc-red-berry-750ml,https://upfnswxvjbbhffsildji.supabase.co/storage/v1/object/public/toma-images/vodka/ciroc-red-berry-750ml
Ciroc Vodka Normal 750ml,Vodka,$70000.00,ciroc-vodka-normal-750ml,https://upfnswxvjbbhffsildji.supabase.co/storage/v1/object/public/toma-images/vodka/ciroc-vodka-normal-750ml
Dr Lemon Spicy 473ml,Vodka,$2000.00,dr-lemon-spicy-473ml,https://upfnswxvjbbhffsildji.supabase.co/storage/v1/object/public/toma-images/vodka/dr-lemon-spicy-473ml
Dr Lemon Vodka 1L,Vodka,$4400.00,dr-lemon-vodka-1l,https://upfnswxvjbbhffsildji.supabase.co/storage/v1/object/public/toma-images/vodka/dr-lemon-vodka-1l
Dr Lemon Vodka 473ml,Vodka,$2600.00,dr-lemon-vodka-473ml,https://upfnswxvjbbhffsildji.supabase.co/storage/v1/object/public/toma-images/vodka/dr-lemon-vodka-473ml
Grey Goose Vodka 1L,Vodka,$109900.00,grey-goose-vodka-1l,https://upfnswxvjbbhffsildji.supabase.co/storage/v1/object/public/toma-images/vodka/grey-goose-vodka-1l
Plato Volador Berries 750ml,Vodka,$9800.00,plato-volador-berries,https://upfnswxvjbbhffsildji.supabase.co/storage/v1/object/public/toma-images/vodka/plato-volador-berries
Plato Volador Chupetin Galactico 750ml,Vodka,$9800.00,plato-volador-chupetin-galactico,https://upfnswxvjbbhffsildji.supabase.co/storage/v1/object/public/toma-images/vodka/plato-volador-chupetin-galactico
Plato Volador Fucking Chicle 750ml,Vodka,$9800.00,plato-volador-fucking-chicle,https://upfnswxvjbbhffsildji.supabase.co/storage/v1/object/public/toma-images/vodka/plato-volador-fucking-chicle
Plato Volador Mango + Maracuya 750ml,Vodka,$9800.00,plato-volador-mango-maracuya,https://upfnswxvjbbhffsildji.supabase.co/storage/v1/object/public/toma-images/vodka/plato-volador-mango-maracuya
Sernova Candy Glow 700ml,Vodka,$8600.00,sernova-candy-glow,https://upfnswxvjbbhffsildji.supabase.co/storage/v1/object/public/toma-images/vodka/sernova-candy-glow
Sernova Caribbean Blend 700ml,Vodka,$8600.00,sernova-caribbean-blend-700,https://upfnswxvjbbhffsildji.supabase.co/storage/v1/object/public/toma-images/vodka/sernova-caribbean-blend-700
Sernova Sweet Apple 700ml,Vodka,$8600.00,sernova-sweet-apple-700ml,https://upfnswxvjbbhffsildji.supabase.co/storage/v1/object/public/toma-images/vodka/sernova-sweet-apple-700ml
Sernova Tropical Passion 700ml,Vodka,$8600.00,sernova-tropical-passion-700ml,https://upfnswxvjbbhffsildji.supabase.co/storage/v1/object/public/toma-images/vodka/sernova-tropical-passion-700ml
Sernova Wild Berries 700ml,Vodka,$8600.00,sernova-wild-berries-700ml,https://upfnswxvjbbhffsildji.supabase.co/storage/v1/object/public/toma-images/vodka/sernova-wild-berries-700ml
Skyy Apericot 750ml,Vodka,$11500.00,skyy-apericot-750ml,https://upfnswxvjbbhffsildji.supabase.co/storage/v1/object/public/toma-images/vodka/skyy-apericot-750ml
Skyy Cosmic 750ml,Vodka,$12000.00,skyy-cosmic-750ml,https://upfnswxvjbbhffsildji.supabase.co/storage/v1/object/public/toma-images/vodka/skyy-cosmic-750ml
Skyy Pineapple 750ml,Vodka,$11500.00,skyy-pineapple,https://upfnswxvjbbhffsildji.supabase.co/storage/v1/object/public/toma-images/vodka/skyy-pineapple
Skyy Raspberry 750ml,Vodka,$11500.00,skyy-raspberry-750ml,https://upfnswxvjbbhffsildji.supabase.co/storage/v1/object/public/toma-images/vodka/skyy-raspberry-750ml
Smirnoff Citric 750ml,Vodka,$10500.00,smirnoff-citric,https://upfnswxvjbbhffsildji.supabase.co/storage/v1/object/public/toma-images/vodka/smirnoff-citric
Smirnoff Citrus 750ml,Vodka,$10500.00,smirnoff-citrus,https://upfnswxvjbbhffsildji.supabase.co/storage/v1/object/public/toma-images/vodka/smirnoff-citrus
Smirnoff Green Apple 750ml,Vodka,$10500.00,smirnoff-green-apple,https://upfnswxvjbbhffsildji.supabase.co/storage/v1/object/public/toma-images/vodka/smirnoff-green-apple
Smirnoff Ice Apple Lata 473ml,Vodka,$3600.00,smirnoff-ice-apple-lata,https://upfnswxvjbbhffsildji.supabase.co/storage/v1/object/public/toma-images/vodka/smirnoff-ice-apple-lata
Smirnoff Ice Berry Lata 473ml,Vodka,$3600.00,smirnoff-ice-berry-lata,https://upfnswxvjbbhffsildji.supabase.co/storage/v1/object/public/toma-images/vodka/smirnoff-ice-berry-lata
Smirnoff Raspberry 750ml,Vodka,$10500.00,smirnoff-raspberry,https://upfnswxvjbbhffsildji.supabase.co/storage/v1/object/public/toma-images/vodka/smirnoff-raspberry
Smirnoff Tamarindo 750ml,Vodka,$10500.00,smirnoff-tamarindo,https://upfnswxvjbbhffsildji.supabase.co/storage/v1/object/public/toma-images/vodka/smirnoff-tamarindo
Smirnoff Tropical Fruits 750ml,Vodka,$10500.00,smirnoff-tropical-fruits,https://upfnswxvjbbhffsildji.supabase.co/storage/v1/object/public/toma-images/vodka/smirnoff-tropical-fruits
Smirnoff Watermelon 750ml,Vodka,$10500.00,smirnoff-watermelon,https://upfnswxvjbbhffsildji.supabase.co/storage/v1/object/public/toma-images/vodka/smirnoff-watermelon
Sernova Clasico 700ml,Vodka,$7800.00,vodka-sernova,https://upfnswxvjbbhffsildji.supabase.co/storage/v1/object/public/toma-images/vodka/vodka-sernova
Havana 3 Años 750ml,Whisky y Ron,$18500.00,havana-3-anos-750ml-blanco,https://upfnswxvjbbhffsildji.supabase.co/storage/v1/object/public/toma-images/whisky-y-ron/havana-3-anos-750ml-blanco
Jack Daniels Tennessee 1L,Whisky y Ron,$65000.00,jack-daniels-tennessee-1l,https://upfnswxvjbbhffsildji.supabase.co/storage/v1/object/public/toma-images/whisky-y-ron/jack-daniels-tennessee-1l
Jack Daniels Tennessee Apple 1L,Whisky y Ron,$65000.00,jack-daniels-tennessee-apple-1l,https://upfnswxvjbbhffsildji.supabase.co/storage/v1/object/public/toma-images/whisky-y-ron/jack-daniels-tennessee-apple-1l
Jack Daniels Tennessee Fire 1L,Whisky y Ron,$65000.00,jack-daniels-tennessee-fire-1l,https://upfnswxvjbbhffsildji.supabase.co/storage/v1/object/public/toma-images/whisky-y-ron/jack-daniels-tennessee-fire-1l
Jack Daniels Tennessee Honey 1L,Whisky y Ron,$65000.00,jack-daniels-tennessee-honey-1l,https://upfnswxvjbbhffsildji.supabase.co/storage/v1/object/public/toma-images/whisky-y-ron/jack-daniels-tennessee-honey-1l
Jameson 750ml,Whisky y Ron,$32000.00,jameson,https://upfnswxvjbbhffsildji.supabase.co/storage/v1/object/public/toma-images/whisky-y-ron/jameson
Johnnie Walker Gold Label Reserve 750ml,Whisky y Ron,$110500.00,johnnie-walker-gold-label-reserve-750ml,https://upfnswxvjbbhffsildji.supabase.co/storage/v1/object/public/toma-images/whisky-y-ron/johnnie-walker-gold-label-reserve-750ml
Johnnie Walker Red Label 1L,Whisky y Ron,$50000.00,johnnie-walker-red-label-1l,https://upfnswxvjbbhffsildji.supabase.co/storage/v1/object/public/toma-images/whisky-y-ron/johnnie-walker-red-label-1l
Johnnie Walker Ultimate 18 años 750ml,Whisky y Ron,$247000.00,johnnie-walker-ultimate-18anos-750ml,https://upfnswxvjbbhffsildji.supabase.co/storage/v1/object/public/toma-images/whisky-y-ron/johnnie-walker-ultimate-18anos-750ml
Johnny Walker Black 12 Años 1L,Whisky y Ron,$55000.00,johnny-walker-black-12-anos-1l,https://upfnswxvjbbhffsildji.supabase.co/storage/v1/object/public/toma-images/whisky-y-ron/johnny-walker-black-12-anos-1l
Johnny Walker Double Black 1L,Whisky y Ron,$109000.00,johnny-walker-double-black-1l,https://upfnswxvjbbhffsildji.supabase.co/storage/v1/object/public/toma-images/whisky-y-ron/johnny-walker-double-black-1l
White Horse 750ml,Whisky y Ron,$21899.00,white-horse,https://upfnswxvjbbhffsildji.supabase.co/storage/v1/object/public/toma-images/whisky-y-ron/white-horse
American Club Piña Colada 750ml,Aperitivos y Licores,$7600.00,a-club-pina-colada,https://upfnswxvjbbhffsildji.supabase.co/storage/v1/object/public/toma-images/aperitivos-y-licores/a-club-pina-colada
Amargo Obrero 950ml,Aperitivos y Licores,$6200.00,amargo-obrero,https://upfnswxvjbbhffsildji.supabase.co/storage/v1/object/public/toma-images/aperitivos-y-licores/amargo-obrero
Amarula Coffeee Cream 750ml,Aperitivos y Licores,$45000.00,amarula-coffeee-cream-750ml,https://upfnswxvjbbhffsildji.supabase.co/storage/v1/object/public/toma-images/aperitivos-y-licores/amarula-coffeee-cream-750ml
Amarula Cream 750ml,Aperitivos y Licores,$45000.00,amarula-cream-750ml,https://upfnswxvjbbhffsildji.supabase.co/storage/v1/object/public/toma-images/aperitivos-y-licores/amarula-cream-750ml
Amarula Raspberry Chocolate 750ml,Aperitivos y Licores,$45000.00,amarula-raspberry-chocolate-750ml,https://upfnswxvjbbhffsildji.supabase.co/storage/v1/object/public/toma-images/aperitivos-y-licores/amarula-raspberry-chocolate-750ml
Amarula Vainilla Spice Cream 750ml,Aperitivos y Licores,$45000.00,amarula-vainilla-spice-cream-750ml,https://upfnswxvjbbhffsildji.supabase.co/storage/v1/object/public/toma-images/aperitivos-y-licores/amarula-vainilla-spice-cream-750ml
Amarula Vegan Coconut Based 750ml,Aperitivos y Licores,$45000.00,amarula-vegan-coconut-based-750ml,https://upfnswxvjbbhffsildji.supabase.co/storage/v1/object/public/toma-images/aperitivos-y-licores/amarula-vegan-coconut-based-750ml
Aperol 750ml,Aperitivos y Licores,$10700.00,aperol-750ml,https://upfnswxvjbbhffsildji.supabase.co/storage/v1/object/public/toma-images/aperitivos-y-licores/aperol-750ml
Branca Menta 750ml,Aperitivos y Licores,$8800.00,branca-menta-750ml,https://upfnswxvjbbhffsildji.supabase.co/storage/v1/object/public/toma-images/aperitivos-y-licores/branca-menta-750ml
Fernet Buhero 700ml,Aperitivos y Licores,$8400.00,buhero,https://upfnswxvjbbhffsildji.supabase.co/storage/v1/object/public/toma-images/aperitivos-y-licores/buhero
Campari 750ml,Aperitivos y Licores,$11500.00,campari,https://upfnswxvjbbhffsildji.supabase.co/storage/v1/object/public/toma-images/aperitivos-y-licores/campari
Caña Legui 750ml,Aperitivos y Licores,$5200.11,cana-legui,https://upfnswxvjbbhffsildji.supabase.co/storage/v1/object/public/toma-images/aperitivos-y-licores/cana-legui
Carpano Bianco 955ml,Aperitivos y Licores,$7700.00,carpano-bianco-955,https://upfnswxvjbbhffsildji.supabase.co/storage/v1/object/public/toma-images/aperitivos-y-licores/carpano-bianco-955
Carpano Rosso 955ml,Aperitivos y Licores,$7500.00,carpano-rosso,https://upfnswxvjbbhffsildji.supabase.co/storage/v1/object/public/toma-images/aperitivos-y-licores/carpano-rosso
Cinzano Rosso 955ml,Aperitivos y Licores,$9800.00,cinzano-rosso,https://upfnswxvjbbhffsildji.supabase.co/storage/v1/object/public/toma-images/aperitivos-y-licores/cinzano-rosso
Fernet Branca 750ml,Aperitivos y Licores,$16500.00,fernet-branca-750ml,https://upfnswxvjbbhffsildji.supabase.co/storage/v1/object/public/toma-images/aperitivos-y-licores/fernet-branca-750ml
Fernet Branca Edicion Limitada 750ml,Aperitivos y Licores,$14500.00,fernet-branca-edicion-limitada-750ml,https://upfnswxvjbbhffsildji.supabase.co/storage/v1/object/public/toma-images/aperitivos-y-licores/fernet-branca-edicion-limitada-750ml
Fernet Branca 1L,Aperitivos y Licores,$18900.00,fernet-branca-1000,https://upfnswxvjbbhffsildji.supabase.co/storage/v1/object/public/toma-images/aperitivos-y-licores/fernet-branca-1000
Fernet Branca 450ml,Aperitivos y Licores,$10500.23,fernet-branca-450,https://upfnswxvjbbhffsildji.supabase.co/storage/v1/object/public/toma-images/aperitivos-y-licores/fernet-branca-450
Fernet Vittone Speciale 750ml,Aperitivos y Licores,$6000.00,fernet-vittone-speciale-750ml,https://upfnswxvjbbhffsildji.supabase.co/storage/v1/object/public/toma-images/aperitivos-y-licores/fernet-vittone-speciale-750ml
Gancia 473ml,Aperitivos y Licores,$3000.00,gancia-473ml,https://upfnswxvjbbhffsildji.supabase.co/storage/v1/object/public/toma-images/aperitivos-y-licores/gancia-473ml
Gancia 950ml,Aperitivos y Licores,$8600.00,gancia-950ml,https://upfnswxvjbbhffsildji.supabase.co/storage/v1/object/public/toma-images/aperitivos-y-licores/gancia-950ml
Gancia Americano Cero 473ml,Aperitivos y Licores,$2600.00,gancia-americano-cero-473ml,https://upfnswxvjbbhffsildji.supabase.co/storage/v1/object/public/toma-images/aperitivos-y-licores/gancia-americano-cero-473ml
Gancia Hibiscus 473ml,Aperitivos y Licores,$2900.00,gancia-hibiscus-473ml,https://upfnswxvjbbhffsildji.supabase.co/storage/v1/object/public/toma-images/aperitivos-y-licores/gancia-hibiscus-473ml
Jagermeister 700ml,Aperitivos y Licores,$40000.00,jaggermeister,https://upfnswxvjbbhffsildji.supabase.co/storage/v1/object/public/toma-images/aperitivos-y-licores/jaggermeister
Vermut Punt E Mes 750ml,Aperitivos y Licores,$8300.00,vermut-punt-e-mes-750ml,https://upfnswxvjbbhffsildji.supabase.co/storage/v1/object/public/toma-images/aperitivos-y-licores/vermut-punt-e-mes-750ml
Cinzano Segundo 955ml,Aperitivos y Licores,$9800.00,cinzano-segundo,https://upfnswxvjbbhffsildji.supabase.co/storage/v1/object/public/toma-images/aperitivos-y-licores/cinzano-segundo
Gancia Premium 750ml,Aperitivos y Licores,$11000.00,gancia-prem,https://upfnswxvjbbhffsildji.supabase.co/storage/v1/object/public/toma-images/aperitivos-y-licores/gancia-prem
Licor Borghetti 700ml,Aperitivos y Licores,$11800.00,licor-borghetti-700ml,https://upfnswxvjbbhffsildji.supabase.co/storage/v1/object/public/toma-images/aperitivos-y-licores/licor-borghetti-700ml
Ramazzotti Rosato,Aperitivos y Licores,$10900.00,ramazzotti-rosato,https://upfnswxvjbbhffsildji.supabase.co/storage/v1/object/public/toma-images/aperitivos-y-licores/ramazzotti-rosato
Hodmoser,Aperitivos y Licores,$26400.00,hodmoser,https://upfnswxvjbbhffsildji.supabase.co/storage/v1/object/public/toma-images/aperitivos-y-licores/hodmoser
Malibu 750ml,Aperitivos y Licores,$21500.00,malibu-750ml,https://upfnswxvjbbhffsildji.supabase.co/storage/v1/object/public/toma-images/aperitivos-y-licores/malibu-750ml
Martini Dry,Aperitivos y Licores,$12800.15,martini-dry,https://upfnswxvjbbhffsildji.supabase.co/storage/v1/object/public/toma-images/aperitivos-y-licores/martini-dry
Coca Cola 1 5L,Gaseosas,$4000.00,coca-cola-1-5l,https://upfnswxvjbbhffsildji.supabase.co/storage/v1/object/public/toma-images/gaseosas/coca-cola-1-5l
Coca Cola 2 5L,Gaseosas,$5500.00,coca-cola-2-5l,https://upfnswxvjbbhffsildji.supabase.co/storage/v1/object/public/toma-images/gaseosas/coca-cola-2-5l
Coca Cola 500ml,Gaseosas,$1500.00,coca-cola-500ml,https://upfnswxvjbbhffsildji.supabase.co/storage/v1/object/public/toma-images/gaseosas/coca-cola-500ml
Coca Cola Zero 500ml,Gaseosas,$1500.00,coca-cola-zero-500ml,https://upfnswxvjbbhffsildji.supabase.co/storage/v1/object/public/toma-images/gaseosas/coca-cola-zero-500ml
Coca Zero 1 5L,Gaseosas,$3800.00,coca-zero-1-5l,https://upfnswxvjbbhffsildji.supabase.co/storage/v1/object/public/toma-images/gaseosas/coca-zero-1-5l
Fanta 1.5L,Gaseosas,$3300.00,fanta-1-5l,https://upfnswxvjbbhffsildji.supabase.co/storage/v1/object/public/toma-images/gaseosas/fanta-1-5l
Fanta 500ml,Gaseosas,$1500.00,fanta-500ml,https://upfnswxvjbbhffsildji.supabase.co/storage/v1/object/public/toma-images/gaseosas/fanta-500ml
Fanta Lata 355ml,Gaseosas,$1300.00,fanta-lata,https://upfnswxvjbbhffsildji.supabase.co/storage/v1/object/public/toma-images/gaseosas/fanta-lata
Coca Cola Lata 355ml,Gaseosas,$1300.00,lata-coca-cola,https://upfnswxvjbbhffsildji.supabase.co/storage/v1/object/public/toma-images/gaseosas/lata-coca-cola
Coca Cola Zero Lata 355ml,Gaseosas,$1300.00,lata-coca-cola-zero,https://upfnswxvjbbhffsildji.supabase.co/storage/v1/object/public/toma-images/gaseosas/lata-coca-cola-zero
Mirinda Lata 355ml,Gaseosas,$1300.00,lata-mirinda,https://upfnswxvjbbhffsildji.supabase.co/storage/v1/object/public/toma-images/gaseosas/lata-mirinda
Pepsi Lata 355ml,Gaseosas,$1300.00,lata-pepsi,https://upfnswxvjbbhffsildji.supabase.co/storage/v1/object/public/toma-images/gaseosas/lata-pepsi
Paso De Los Toros 500ml,Gaseosas,$1500.00,paso-de-los-toros-500ml,https://upfnswxvjbbhffsildji.supabase.co/storage/v1/object/public/toma-images/gaseosas/paso-de-los-toros-500ml
Paso De Los Toros Pomelo 1 5L,Gaseosas,$3600.00,paso-de-los-toros-pomelo-1-5l,https://upfnswxvjbbhffsildji.supabase.co/storage/v1/object/public/toma-images/gaseosas/paso-de-los-toros-pomelo-1-5l
Paso De Los Toros Pomelo 269ml,Gaseosas,$1100.00,paso-de-los-toros-pomelo-269ml,https://upfnswxvjbbhffsildji.supabase.co/storage/v1/object/public/toma-images/gaseosas/paso-de-los-toros-pomelo-269ml
Paso De Los Toros Tonica 1 5L,Gaseosas,$3600.00,paso-de-los-toros-tonica-1-5l,https://upfnswxvjbbhffsildji.supabase.co/storage/v1/object/public/toma-images/gaseosas/paso-de-los-toros-tonica-1-5l
Paso De Los Toros Tonica Zero 1 5L,Gaseosas,$3500.00,paso-de-los-toros-tonica-zero-1-5l,https://upfnswxvjbbhffsildji.supabase.co/storage/v1/object/public/toma-images/gaseosas/paso-de-los-toros-tonica-zero-1-5l
Pepsi 1 5L,Gaseosas,$3800.00,pepsi-1-5l,https://upfnswxvjbbhffsildji.supabase.co/storage/v1/object/public/toma-images/gaseosas/pepsi-1-5l
Pepsi 2L,Gaseosas,$2000.00,pepsi-2l,https://upfnswxvjbbhffsildji.supabase.co/storage/v1/object/public/toma-images/gaseosas/pepsi-2l
Pepsi 500ml,Gaseosas,$1500.00,pepsi-500ml,https://upfnswxvjbbhffsildji.supabase.co/storage/v1/object/public/toma-images/gaseosas/pepsi-500ml
Pritty 2.25L,Gaseosas,$2800.00,pritty-2-25l,https://upfnswxvjbbhffsildji.supabase.co/storage/v1/object/public/toma-images/gaseosas/pritty-2-25l
Gaseosa Rumipal Citrus 1.5L,Gaseosas,$1500.00,rumipal-gaseosa-citrus-1-5l,https://upfnswxvjbbhffsildji.supabase.co/storage/v1/object/public/toma-images/gaseosas/rumipal-gaseosa-citrus-1-5l
Gaseosa Rumipal Lima Limon 2.25L,Gaseosas,$1500.00,rumipal-gaseosa-lima-limon-2-25l,https://upfnswxvjbbhffsildji.supabase.co/storage/v1/object/public/toma-images/gaseosas/rumipal-gaseosa-lima-limon-2-25l
Gaseosa Rumipal Limon 2.25L,Gaseosas,$1500.00,rumipal-gaseosa-limon-2-25l,https://upfnswxvjbbhffsildji.supabase.co/storage/v1/object/public/toma-images/gaseosas/rumipal-gaseosa-limon-2-25l
Gaseosa Rumipal Naranja 2.25L,Gaseosas,$1500.00,rumipal-gaseosa-naranja-2-25l,https://upfnswxvjbbhffsildji.supabase.co/storage/v1/object/public/toma-images/gaseosas/rumipal-gaseosa-naranja-2-25l
Gaseosa Rumipal Pomelo 1.5L,Gaseosas,$1500.00,rumipal-gaseosa-pomelo-1-5l,https://upfnswxvjbbhffsildji.supabase.co/storage/v1/object/public/toma-images/gaseosas/rumipal-gaseosa-pomelo-1-5l
Gaseosa Rumipal Pomelo 2.25L,Gaseosas,$1500.00,rumipal-gaseosa-pomelo-2-25l,https://upfnswxvjbbhffsildji.supabase.co/storage/v1/object/public/toma-images/gaseosas/rumipal-gaseosa-pomelo-2-25l
Gaseosa Rumipal Tonica 1.5L,Gaseosas,$1600.00,rumipal-gaseosa-tonica-1-5l,https://upfnswxvjbbhffsildji.supabase.co/storage/v1/object/public/toma-images/gaseosas/rumipal-gaseosa-tonica-1-5l
Schweppes Pomelo Zero 1 5L,Gaseosas,$3800.00,schweppes-pomelo-zero-1-5l,https://upfnswxvjbbhffsildji.supabase.co/storage/v1/object/public/toma-images/gaseosas/schweppes-pomelo-zero-1-5l
Schweppes Tonica 1 5L,Gaseosas,$3200.00,schweppes-tonica-1-5l,https://upfnswxvjbbhffsildji.supabase.co/storage/v1/object/public/toma-images/gaseosas/schweppes-tonica-1-5l
Seven Up 2L,Gaseosas,$2500.00,seven-2l,https://upfnswxvjbbhffsildji.supabase.co/storage/v1/object/public/toma-images/gaseosas/seven-2l
Seven Up Lata 355ml,Gaseosas,$1300.00,seven-lata,https://upfnswxvjbbhffsildji.supabase.co/storage/v1/object/public/toma-images/gaseosas/seven-lata
Seven Up 1.5L,Gaseosas,$3200.05,seven-up-1-5l,https://upfnswxvjbbhffsildji.supabase.co/storage/v1/object/public/toma-images/gaseosas/seven-up-1-5l
Sprite 1.5L,Gaseosas,$4000.00,sprite-1-5l,https://upfnswxvjbbhffsildji.supabase.co/storage/v1/object/public/toma-images/gaseosas/sprite-1-5l
Sprite 2.25L,Gaseosas,$4200.00,sprite-2-25l,https://upfnswxvjbbhffsildji.supabase.co/storage/v1/object/public/toma-images/gaseosas/sprite-2-25l
Sprite 500ml,Gaseosas,$1500.00,sprite-500ml,https://upfnswxvjbbhffsildji.supabase.co/storage/v1/object/public/toma-images/gaseosas/sprite-500ml
Sprite Lata 355ml,Gaseosas,$1300.00,sprite-lata,https://upfnswxvjbbhffsildji.supabase.co/storage/v1/object/public/toma-images/gaseosas/sprite-lata
Monster Blanco 473ml,Energizantes,$3000.00,monster-blanco,https://upfnswxvjbbhffsildji.supabase.co/storage/v1/object/public/toma-images/jugos-e-isotonicas/monster-blanco
Monster Chicle 473ml,Energizantes,$3000.00,monster-chicle,https://upfnswxvjbbhffsildji.supabase.co/storage/v1/object/public/toma-images/jugos-e-isotonicas/monster-chicle
Monster Clásico 473ml,Energizantes,$3000.00,monster-clasico,https://upfnswxvjbbhffsildji.supabase.co/storage/v1/object/public/toma-images/jugos-e-isotonicas/monster-clasico
Monster Mango 473ml,Energizantes,$3000.00,monster-mango,https://upfnswxvjbbhffsildji.supabase.co/storage/v1/object/public/toma-images/jugos-e-isotonicas/monster-mango
Monster Naranja 473ml,Energizantes,$3000.00,monster-naranja,https://upfnswxvjbbhffsildji.supabase.co/storage/v1/object/public/toma-images/jugos-e-isotonicas/monster-naranja
Monster Sandia,Energizantes,$3000.00,monster-sandia,https://upfnswxvjbbhffsildji.supabase.co/storage/v1/object/public/toma-images/jugos-e-isotonicas/monster-sandia
Red Bull 255ml,Energizantes,$3300.00,red-bull-255ml,https://upfnswxvjbbhffsildji.supabase.co/storage/v1/object/public/toma-images/jugos-e-isotonicas/red-bull-255ml
Speed 473ml,Energizantes,$3000.00,speed-473ml,https://upfnswxvjbbhffsildji.supabase.co/storage/v1/object/public/toma-images/jugos-e-isotonicas/speed-473ml
Agua Rumipal 2L,Aguas y Sodas,$1500.00,agua-rumipal-2l,https://upfnswxvjbbhffsildji.supabase.co/storage/v1/object/public/toma-images/aguas-y-sodas/agua-rumipal-2l
Agua Rumipal 500ml,Aguas y Sodas,$800.00,agua-rumipal-500ml,https://upfnswxvjbbhffsildji.supabase.co/storage/v1/object/public/toma-images/aguas-y-sodas/agua-rumipal-500ml
Agua Bonaqua 1 5L,Aguas y Sodas,$1800.00,bonaqua-1-5l,https://upfnswxvjbbhffsildji.supabase.co/storage/v1/object/public/toma-images/aguas-y-sodas/bonaqua-1-5l
Agua Bonaqua 500ml,Aguas y Sodas,$1400.00,bonaqua-500ml,https://upfnswxvjbbhffsildji.supabase.co/storage/v1/object/public/toma-images/aguas-y-sodas/bonaqua-500ml
Soda Rumipal Botella 1.5L,Aguas y Sodas,$1200.00,rumipal-soda-botella-1-5l,https://upfnswxvjbbhffsildji.supabase.co/storage/v1/object/public/toma-images/aguas-y-sodas/rumipal-soda-botella-1-5l
Soda Rumipal Sifon,Aguas y Sodas,$1600.00,rumipal-soda-sifon,https://upfnswxvjbbhffsildji.supabase.co/storage/v1/object/public/toma-images/aguas-y-sodas/rumipal-soda-sifon
Agua Rumipal Bidon 6L,Aguas y Sodas,$2500.00,rumipal-agua-bidon-6l,https://upfnswxvjbbhffsildji.supabase.co/storage/v1/object/public/toma-images/aguas-y-sodas/rumipal-agua-bidon-6l
Agua Bonaqua 2.5L,Aguas y Sodas,$2500.00,bonaqua-2-5l,https://upfnswxvjbbhffsildji.supabase.co/storage/v1/object/public/toma-images/aguas-y-sodas/bonaqua-2-5l
Aquarius Limonada 1L,Aguas y Sodas,$3200.00,aquarius-limonada-1l,https://upfnswxvjbbhffsildji.supabase.co/storage/v1/object/public/toma-images/aguas-y-sodas/aquarius-limonada-1l
Aquarius Limonada 500ml,Aguas y Sodas,$1500.00,aquarius-limonada-500ml,https://upfnswxvjbbhffsildji.supabase.co/storage/v1/object/public/toma-images/aguas-y-sodas/aquarius-limonada-500ml
Aquarius Manzana 1L,Aguas y Sodas,$3000.00,aquarius-manzana-1l,https://upfnswxvjbbhffsildji.supabase.co/storage/v1/object/public/toma-images/aguas-y-sodas/aquarius-manzana-1l
Aquarius Manzana 500ml,Aguas y Sodas,$1500.00,aquarius-manzana-500ml,https://upfnswxvjbbhffsildji.supabase.co/storage/v1/object/public/toma-images/aguas-y-sodas/aquarius-manzana-500ml
Aquarius Naranja 1L,Aguas y Sodas,$3000.00,aquarius-naranja-1l,https://upfnswxvjbbhffsildji.supabase.co/storage/v1/object/public/toma-images/aguas-y-sodas/aquarius-naranja-1l
Aquarius Naranja 500ml,Aguas y Sodas,$1500.00,aquarius-naranja-500ml,https://upfnswxvjbbhffsildji.supabase.co/storage/v1/object/public/toma-images/aguas-y-sodas/aquarius-naranja-500ml
Aquarius Pera 1L,Aguas y Sodas,$3200.00,aquarius-pera-1l,https://upfnswxvjbbhffsildji.supabase.co/storage/v1/object/public/toma-images/aguas-y-sodas/aquarius-pera-1l
Aquarius Pera 500ml,Aguas y Sodas,$1500.00,aquarius-pera-500ml,https://upfnswxvjbbhffsildji.supabase.co/storage/v1/object/public/toma-images/aguas-y-sodas/aquarius-pera-500ml
Aquarius Pomelo 1L,Aguas y Sodas,$3200.00,aquarius-pomelo-1l,https://upfnswxvjbbhffsildji.supabase.co/storage/v1/object/public/toma-images/aguas-y-sodas/aquarius-pomelo-1l
Aquarius Pomelo 500ml,Aguas y Sodas,$1500.00,aquarius-pomelo-500ml,https://upfnswxvjbbhffsildji.supabase.co/storage/v1/object/public/toma-images/aguas-y-sodas/aquarius-pomelo-500ml
Aquarius Uva 1L,Aguas y Sodas,$3200.00,aquarius-uva-1l,https://upfnswxvjbbhffsildji.supabase.co/storage/v1/object/public/toma-images/aguas-y-sodas/aquarius-uva-1l
Aquarius Uva 500ml,Aguas y Sodas,$1500.00,aquarius-uva-500ml,https://upfnswxvjbbhffsildji.supabase.co/storage/v1/object/public/toma-images/aguas-y-sodas/aquarius-uva-500ml
Agua Sab Rumipal Manzana 1.5L,Aguas y Sodas,$1300.00,rumipal-agua-sab-manzana-1-5l,https://upfnswxvjbbhffsildji.supabase.co/storage/v1/object/public/toma-images/aguas-y-sodas/rumipal-agua-sab-manzana-1-5l
Agua Sab Rumipal Naranja 500ml,Aguas y Sodas,$1000.00,rumipal-agua-sab-naranja-500ml,https://upfnswxvjbbhffsildji.supabase.co/storage/v1/object/public/toma-images/aguas-y-sodas/rumipal-agua-sab-naranja-500ml
Agua Sab Rumipal Pomelo 1.5L,Aguas y Sodas,$1300.00,rumipal-agua-sab-pomelo-1-5l,https://upfnswxvjbbhffsildji.supabase.co/storage/v1/object/public/toma-images/aguas-y-sodas/rumipal-agua-sab-pomelo-1-5l
Agua Sab Rumipal Pomelo 500ml,Aguas y Sodas,$1000.00,rumipal-agua-sab-pomelo-500ml,https://upfnswxvjbbhffsildji.supabase.co/storage/v1/object/public/toma-images/aguas-y-sodas/rumipal-agua-sab-pomelo-500ml
Baggio Durazno L,Jugos e Isotónicas,$2200.00,baggio-durazno-l,https://upfnswxvjbbhffsildji.supabase.co/storage/v1/object/public/toma-images/jugos-e-isotonicas/baggio-durazno-l
Baggio Multiruta 1L,Jugos e Isotónicas,$2200.00,baggio-multiruta-1l,https://upfnswxvjbbhffsildji.supabase.co/storage/v1/object/public/toma-images/jugos-e-isotonicas/baggio-multiruta-1l
Baggio Naranja 1L,Jugos e Isotónicas,$2200.00,baggio-naranja-1l,https://upfnswxvjbbhffsildji.supabase.co/storage/v1/object/public/toma-images/jugos-e-isotonicas/baggio-naranja-1l
Cepita Durazno 1.5L ,Jugos e Isotónicas,$3200.00,cepita-1-5l-durazno,https://upfnswxvjbbhffsildji.supabase.co/storage/v1/object/public/toma-images/jugos-e-isotonicas/cepita-1-5l-durazno
Cepita Naranja 1L,Jugos e Isotónicas,$2500.00,cepita-1l-naranja,https://upfnswxvjbbhffsildji.supabase.co/storage/v1/object/public/toma-images/jugos-e-isotonicas/cepita-1l-naranja
Cepita Durazno 1L,Jugos e Isotónicas,$2500.00,cepita-durazno-1l,https://upfnswxvjbbhffsildji.supabase.co/storage/v1/object/public/toma-images/jugos-e-isotonicas/cepita-durazno-1l
Cepita Naranja 1 5L,Jugos e Isotónicas,$3400.00,cepita-naranja-1-5l,https://upfnswxvjbbhffsildji.supabase.co/storage/v1/object/public/toma-images/jugos-e-isotonicas/cepita-naranja-1-5l
Gatorade Azul 1.25L,Jugos e Isotónicas,$4200.00,gatorade-azul-1-25l,https://upfnswxvjbbhffsildji.supabase.co/storage/v1/object/public/toma-images/jugos-e-isotonicas/gatorade-azul-1-25l
Gatorade Azul 500ml,Jugos e Isotónicas,$3000.00,gatorade-azul-500ml,https://upfnswxvjbbhffsildji.supabase.co/storage/v1/object/public/toma-images/jugos-e-isotonicas/gatorade-azul-500ml
Gatorade Manzana 1.25L,Jugos e Isotónicas,$4200.00,gatorade-manzana-1-25l,https://upfnswxvjbbhffsildji.supabase.co/storage/v1/object/public/toma-images/jugos-e-isotonicas/gatorade-manzana-1-25l
Gatorade Manzana 500ml,Jugos e Isotónicas,$2500.00,gatorade-manzana-500ml,https://upfnswxvjbbhffsildji.supabase.co/storage/v1/object/public/toma-images/jugos-e-isotonicas/gatorade-manzana-500ml
Gatorade Naranja 1.25L,Jugos e Isotónicas,$4200.00,gatorade-naranja-1-25l,https://upfnswxvjbbhffsildji.supabase.co/storage/v1/object/public/toma-images/jugos-e-isotonicas/gatorade-naranja-1-25l
Gatorade Roja 1.25L,Jugos e Isotónicas,$4200.00,gatorade-roja-1-25l,https://upfnswxvjbbhffsildji.supabase.co/storage/v1/object/public/toma-images/jugos-e-isotonicas/gatorade-roja-1-25l
Gatorade Rojo 500ml,Jugos e Isotónicas,$3000.00,gatorade-rojo-500ml,https://upfnswxvjbbhffsildji.supabase.co/storage/v1/object/public/toma-images/jugos-e-isotonicas/gatorade-rojo-500ml
Powerade Frutas Tropicales 995ml ,Jugos e Isotónicas,$2600.00,powerade-995ml-frutas-tropicales,https://upfnswxvjbbhffsildji.supabase.co/storage/v1/object/public/toma-images/jugos-e-isotonicas/powerade-995ml-frutas-tropicales
Powerade Mountain Blast 995ml ,Jugos e Isotónicas,$2600.00,powerade-995ml-mountain-blast,https://upfnswxvjbbhffsildji.supabase.co/storage/v1/object/public/toma-images/jugos-e-isotonicas/powerade-995ml-mountain-blast
Powerade Azul 500ml,Jugos e Isotónicas,$2200.00,powerade-azul-500ml,https://upfnswxvjbbhffsildji.supabase.co/storage/v1/object/public/toma-images/jugos-e-isotonicas/powerade-azul-500ml
Powerade Rojo 500ml,Jugos e Isotónicas,$2200.00,powerade-rojo-500ml,https://upfnswxvjbbhffsildji.supabase.co/storage/v1/object/public/toma-images/jugos-e-isotonicas/powerade-rojo-500ml
